,poid,step,source,target,memo,amount,free,locked,locked_poid
0,dea3f666-f514-436a-b682-22c587815c13,1,bitstamp:USD/free,bitstamp:USD/locked,LOCK (LOCK FOR ORDER),2000.00 USD,8000.00 USD,2000.00 USD,2000.00 USD
1,dea3f666-f514-436a-b682-22c587815c13,1,bitstamp:USD/locked,bitstamp,WITHDRAWAL (COMMISSION),6.00 USD,8000.00 USD,1994.00 USD,1994.00 USD
2,dea3f666-f514-436a-b682-22c587815c13,1,bitstamp:USD/locked,bitstamp,WITHDRAWAL (FILL ORDER),1994.00 USD,8000.00 USD,0.00 USD,0.00 USD
3,dea3f666-f514-436a-b682-22c587815c13,1,bitstamp,bitstamp:BTC/locked,DEPOSIT (TRADED 1994.00 USD bitstamp:USD/BTC @ 19274.33),0.10345366 BTC,0.05000000 BTC,0.10345366 BTC,0.10345366 BTC
4,dea3f666-f514-436a-b682-22c587815c13,1,bitstamp:USD/locked,bitstamp:USD/free,UNLOCK USD (COMPLETED),0.00 USD,8000.00 USD,0.00 USD,0.00 USD
5,dea3f666-f514-436a-b682-22c587815c13,1,bitstamp:BTC/locked,bitstamp:BTC/free,UNLOCK BTC (COMPLETED),0.10345366 BTC,0.15345366 BTC,0.00000000 BTC,0.00000000 BTC
6,26299f52-a7f7-4b7a-8b0b-3a6536e1cf93,11,bitstamp:BTC/free,bitstamp:BTC/locked,LOCK (LOCK FOR ORDER),0.03069073 BTC,0.12276293 BTC,0.03069073 BTC,0.03069073 BTC
7,26299f52-a7f7-4b7a-8b0b-3a6536e1cf93,11,bitstamp:BTC/locked,bitstamp,WITHDRAWAL (COMMISSION),0.00009207 BTC,0.12276293 BTC,0.03059866 BTC,0.03059866 BTC
8,26299f52-a7f7-4b7a-8b0b-3a6536e1cf93,11,bitstamp:BTC/locked,bitstamp,WITHDRAWAL (FILL ORDER),0.03059866 BTC,0.12276293 BTC,0.00000000 BTC,0.00000000 BTC
9,26299f52-a7f7-4b7a-8b0b-3a6536e1cf93,11,bitstamp,bitstamp:USD/locked,DEPOSIT (TRADED 0.03059866 BTC bitstamp:USD/BTC @ 23726.28),725.99 USD,8000.00 USD,725.99 USD,725.99 USD
10,26299f52-a7f7-4b7a-8b0b-3a6536e1cf93,11,bitstamp:USD/locked,bitstamp:USD/free,UNLOCK USD (COMPLETED),725.99 USD,8725.99 USD,0.00 USD,0.00 USD
11,26299f52-a7f7-4b7a-8b0b-3a6536e1cf93,11,bitstamp:BTC/locked,bitstamp:BTC/free,UNLOCK BTC (COMPLETED),0.00000000 BTC,0.12276293 BTC,0.00000000 BTC,0.00000000 BTC
12,b68fc402-46a6-4ee3-9700-d507893656ba,12,bitstamp:USD/free,bitstamp:USD/locked,LOCK (LOCK FOR ORDER),1745.20 USD,6980.79 USD,1745.20 USD,1745.20 USD
13,b68fc402-46a6-4ee3-9700-d507893656ba,12,bitstamp:USD/locked,bitstamp,WITHDRAWAL (COMMISSION),5.24 USD,6980.79 USD,1739.96 USD,1739.96 USD
14,b68fc402-46a6-4ee3-9700-d507893656ba,12,bitstamp:USD/locked,bitstamp,WITHDRAWAL (FILL ORDER),1739.96 USD,6980.79 USD,0.00 USD,0.00 USD
15,b68fc402-46a6-4ee3-9700-d507893656ba,12,bitstamp,bitstamp:BTC/locked,DEPOSIT (TRADED 1739.96 USD bitstamp:USD/BTC @ 24705.15),0.07042904 BTC,0.12276293 BTC,0.07042904 BTC,0.07042904 BTC
16,b68fc402-46a6-4ee3-9700-d507893656ba,12,bitstamp:USD/locked,bitstamp:USD/free,UNLOCK USD (COMPLETED),0.00 USD,6980.79 USD,0.00 USD,0.00 USD
17,b68fc402-46a6-4ee3-9700-d507893656ba,12,bitstamp:BTC/locked,bitstamp:BTC/free,UNLOCK BTC (COMPLETED),0.07042904 BTC,0.19319197 BTC,0.00000000 BTC,0.00000000 BTC
18,29eefe24-1143-4ee3-be2c-6d8770bcf1a1,15,bitstamp:BTC/free,bitstamp:BTC/locked,LOCK (LOCK FOR ORDER),0.03863839 BTC,0.15455358 BTC,0.03863839 BTC,0.03863839 BTC
19,29eefe24-1143-4ee3-be2c-6d8770bcf1a1,15,bitstamp:BTC/locked,bitstamp,WITHDRAWAL (COMMISSION),0.00011592 BTC,0.15455358 BTC,0.03852247 BTC,0.03852247 BTC
20,29eefe24-1143-4ee3-be2c-6d8770bcf1a1,15,bitstamp:BTC/locked,bitstamp,WITHDRAWAL (FILL ORDER),0.03852247 BTC,0.15455358 BTC,0.00000000 BTC,0.00000000 BTC
21,29eefe24-1143-4ee3-be2c-6d8770bcf1a1,15,bitstamp,bitstamp:USD/locked,DEPOSIT (TRADED 0.03852247 BTC bitstamp:USD/BTC @ 27037.91),1041.57 USD,6980.79 USD,1041.57 USD,1041.57 USD
22,29eefe24-1143-4ee3-be2c-6d8770bcf1a1,15,bitstamp:USD/locked,bitstamp:USD/free,UNLOCK USD (COMPLETED),1041.57 USD,8022.36 USD,0.00 USD,0.00 USD
23,29eefe24-1143-4ee3-be2c-6d8770bcf1a1,15,bitstamp:BTC/locked,bitstamp:BTC/free,UNLOCK BTC (COMPLETED),0.00000000 BTC,0.15455358 BTC,0.00000000 BTC,0.00000000 BTC
24,cdfec354-38a1-417b-8c4e-22316fd68612,16,bitstamp:USD/free,bitstamp:USD/locked,LOCK (LOCK FOR ORDER),1604.47 USD,6417.89 USD,1604.47 USD,1604.47 USD
25,cdfec354-38a1-417b-8c4e-22316fd68612,16,bitstamp:USD/locked,bitstamp,WITHDRAWAL (COMMISSION),4.81 USD,6417.89 USD,1599.66 USD,1599.66 USD
26,cdfec354-38a1-417b-8c4e-22316fd68612,16,bitstamp:USD/locked,bitstamp,WITHDRAWAL (FILL ORDER),1599.66 USD,6417.89 USD,0.00 USD,0.00 USD
27,cdfec354-38a1-417b-8c4e-22316fd68612,16,bitstamp,bitstamp:BTC/locked,DEPOSIT (TRADED 1599.66 USD bitstamp:USD/BTC @ 27370.00),0.05844574 BTC,0.15455358 BTC,0.05844574 BTC,0.05844574 BTC
28,cdfec354-38a1-417b-8c4e-22316fd68612,16,bitstamp:USD/locked,bitstamp:USD/free,UNLOCK USD (COMPLETED),0.00 USD,6417.89 USD,0.00 USD,0.00 USD
29,cdfec354-38a1-417b-8c4e-22316fd68612,16,bitstamp:BTC/locked,bitstamp:BTC/free,UNLOCK BTC (COMPLETED),0.05844574 BTC,0.21299932 BTC,0.00000000 BTC,0.00000000 BTC
30,7b992020-a4c3-4424-a604-64c1b9a90334,20,bitstamp:BTC/free,bitstamp:BTC/locked,LOCK (LOCK FOR ORDER),0.04259986 BTC,0.17039946 BTC,0.04259986 BTC,0.04259986 BTC
31,7b992020-a4c3-4424-a604-64c1b9a90334,20,bitstamp:BTC/locked,bitstamp,WITHDRAWAL (COMMISSION),0.00012780 BTC,0.17039946 BTC,0.04247206 BTC,0.04247206 BTC
32,7b992020-a4c3-4424-a604-64c1b9a90334,20,bitstamp:BTC/locked,bitstamp,WITHDRAWAL (FILL ORDER),0.04247206 BTC,0.17039946 BTC,0.00000000 BTC,0.00000000 BTC
33,7b992020-a4c3-4424-a604-64c1b9a90334,20,bitstamp,bitstamp:USD/locked,DEPOSIT (TRADED 0.04247206 BTC bitstamp:USD/BTC @ 32216.53),1368.30 USD,6417.89 USD,1368.30 USD,1368.30 USD
34,7b992020-a4c3-4424-a604-64c1b9a90334,20,bitstamp:USD/locked,bitstamp:USD/free,UNLOCK USD (COMPLETED),1368.30 USD,7786.19 USD,0.00 USD,0.00 USD
35,7b992020-a4c3-4424-a604-64c1b9a90334,20,bitstamp:BTC/locked,bitstamp:BTC/free,UNLOCK BTC (COMPLETED),0.00000000 BTC,0.17039946 BTC,0.00000000 BTC,0.00000000 BTC
36,94cfc18b-9dbc-4b49-ad09-b04b8bc8cb9d,21,bitstamp:USD/free,bitstamp:USD/locked,LOCK (LOCK FOR ORDER),1557.24 USD,6228.95 USD,1557.24 USD,1557.24 USD
37,94cfc18b-9dbc-4b49-ad09-b04b8bc8cb9d,21,bitstamp:USD/locked,bitstamp,WITHDRAWAL (COMMISSION),4.67 USD,6228.95 USD,1552.57 USD,1552.57 USD
38,94cfc18b-9dbc-4b49-ad09-b04b8bc8cb9d,21,bitstamp:USD/locked,bitstamp,WITHDRAWAL (FILL ORDER),1552.57 USD,6228.95 USD,0.00 USD,0.00 USD
39,94cfc18b-9dbc-4b49-ad09-b04b8bc8cb9d,21,bitstamp,bitstamp:BTC/locked,DEPOSIT (TRADED 1552.57 USD bitstamp:USD/BTC @ 33097.83),0.04690851 BTC,0.17039946 BTC,0.04690851 BTC,0.04690851 BTC
40,94cfc18b-9dbc-4b49-ad09-b04b8bc8cb9d,21,bitstamp:USD/locked,bitstamp:USD/free,UNLOCK USD (COMPLETED),0.00 USD,6228.95 USD,0.00 USD,0.00 USD
41,94cfc18b-9dbc-4b49-ad09-b04b8bc8cb9d,21,bitstamp:BTC/locked,bitstamp:BTC/free,UNLOCK BTC (COMPLETED),0.04690851 BTC,0.21730797 BTC,0.00000000 BTC,0.00000000 BTC
42,3c9b560e-a136-43ea-8c6d-1dc39a61f300,23,bitstamp:BTC/free,bitstamp:BTC/locked,LOCK (LOCK FOR ORDER),0.04346159 BTC,0.17384638 BTC,0.04346159 BTC,0.04346159 BTC
43,3c9b560e-a136-43ea-8c6d-1dc39a61f300,23,bitstamp:BTC/locked,bitstamp,WITHDRAWAL (COMMISSION),0.00013038 BTC,0.17384638 BTC,0.04333121 BTC,0.04333121 BTC
44,3c9b560e-a136-43ea-8c6d-1dc39a61f300,23,bitstamp:BTC/locked,bitstamp,WITHDRAWAL (FILL ORDER),0.04333121 BTC,0.17384638 BTC,0.00000000 BTC,0.00000000 BTC
45,3c9b560e-a136-43ea-8c6d-1dc39a61f300,23,bitstamp,bitstamp:USD/locked,DEPOSIT (TRADED 0.04333121 BTC bitstamp:USD/BTC @ 34039.05),1474.95 USD,6228.95 USD,1474.95 USD,1474.95 USD
46,3c9b560e-a136-43ea-8c6d-1dc39a61f300,23,bitstamp:USD/locked,bitstamp:USD/free,UNLOCK USD (COMPLETED),1474.95 USD,7703.90 USD,0.00 USD,0.00 USD
47,3c9b560e-a136-43ea-8c6d-1dc39a61f300,23,bitstamp:BTC/locked,bitstamp:BTC/free,UNLOCK BTC (COMPLETED),0.00000000 BTC,0.17384638 BTC,0.00000000 BTC,0.00000000 BTC
48,e0980a60-333a-433e-a687-218ff27c726c,24,bitstamp:USD/free,bitstamp:USD/locked,LOCK (LOCK FOR ORDER),1540.78 USD,6163.12 USD,1540.78 USD,1540.78 USD
49,e0980a60-333a-433e-a687-218ff27c726c,24,bitstamp:USD/locked,bitstamp,WITHDRAWAL (COMMISSION),4.62 USD,6163.12 USD,1536.16 USD,1536.16 USD
50,e0980a60-333a-433e-a687-218ff27c726c,24,bitstamp:USD/locked,bitstamp,WITHDRAWAL (FILL ORDER),1536.16 USD,6163.12 USD,0.00 USD,0.00 USD
51,e0980a60-333a-433e-a687-218ff27c726c,24,bitstamp,bitstamp:BTC/locked,DEPOSIT (TRADED 1536.16 USD bitstamp:USD/BTC @ 36849.94),0.04168691 BTC,0.17384638 BTC,0.04168691 BTC,0.04168691 BTC
52,e0980a60-333a-433e-a687-218ff27c726c,24,bitstamp:USD/locked,bitstamp:USD/free,UNLOCK USD (COMPLETED),0.00 USD,6163.12 USD,0.00 USD,0.00 USD
53,e0980a60-333a-433e-a687-218ff27c726c,24,bitstamp:BTC/locked,bitstamp:BTC/free,UNLOCK BTC (COMPLETED),0.04168691 BTC,0.21553329 BTC,0.00000000 BTC,0.00000000 BTC
54,d86f0b2e-edb1-4a05-9703-1a54214656ae,28,bitstamp:BTC/free,bitstamp:BTC/locked,LOCK (LOCK FOR ORDER),0.04310666 BTC,0.17242663 BTC,0.04310666 BTC,0.04310666 BTC
55,d86f0b2e-edb1-4a05-9703-1a54214656ae,28,bitstamp:BTC/locked,bitstamp,WITHDRAWAL (COMMISSION),0.00012932 BTC,0.17242663 BTC,0.04297734 BTC,0.04297734 BTC
56,d86f0b2e-edb1-4a05-9703-1a54214656ae,28,bitstamp:BTC/locked,bitstamp,WITHDRAWAL (FILL ORDER),0.04297734 BTC,0.17242663 BTC,0.00000000 BTC,0.00000000 BTC
57,d86f0b2e-edb1-4a05-9703-1a54214656ae,28,bitstamp,bitstamp:USD/locked,DEPOSIT (TRADED 0.04297734 BTC bitstamp:USD/BTC @ 38173.73),1640.61 USD,6163.12 USD,1640.61 USD,1640.61 USD
58,d86f0b2e-edb1-4a05-9703-1a54214656ae,28,bitstamp:USD/locked,bitstamp:USD/free,UNLOCK USD (COMPLETED),1640.61 USD,7803.73 USD,0.00 USD,0.00 USD
59,d86f0b2e-edb1-4a05-9703-1a54214656ae,28,bitstamp:BTC/locked,bitstamp:BTC/free,UNLOCK BTC (COMPLETED),0.00000000 BTC,0.17242663 BTC,0.00000000 BTC,0.00000000 BTC
60,14cf4012-149d-46fd-9ec1-e7d068913e4e,29,bitstamp:USD/free,bitstamp:USD/locked,LOCK (LOCK FOR ORDER),1560.75 USD,6242.98 USD,1560.75 USD,1560.75 USD
61,14cf4012-149d-46fd-9ec1-e7d068913e4e,29,bitstamp:USD/locked,bitstamp,WITHDRAWAL (COMMISSION),4.68 USD,6242.98 USD,1556.07 USD,1556.07 USD
62,14cf4012-149d-46fd-9ec1-e7d068913e4e,29,bitstamp:USD/locked,bitstamp,WITHDRAWAL (FILL ORDER),1556.07 USD,6242.98 USD,0.00 USD,0.00 USD
63,14cf4012-149d-46fd-9ec1-e7d068913e4e,29,bitstamp,bitstamp:BTC/locked,DEPOSIT (TRADED 1556.07 USD bitstamp:USD/BTC @ 35455.58),0.04388787 BTC,0.17242663 BTC,0.04388787 BTC,0.04388787 BTC
64,14cf4012-149d-46fd-9ec1-e7d068913e4e,29,bitstamp:USD/locked,bitstamp:USD/free,UNLOCK USD (COMPLETED),0.00 USD,6242.98 USD,0.00 USD,0.00 USD
65,14cf4012-149d-46fd-9ec1-e7d068913e4e,29,bitstamp:BTC/locked,bitstamp:BTC/free,UNLOCK BTC (COMPLETED),0.04388787 BTC,0.21631450 BTC,0.00000000 BTC,0.00000000 BTC
66,7435102c-3086-41f6-82fa-007ed9b4c536,32,bitstamp:BTC/free,bitstamp:BTC/locked,LOCK (LOCK FOR ORDER),0.04326290 BTC,0.17305160 BTC,0.04326290 BTC,0.04326290 BTC
67,7435102c-3086-41f6-82fa-007ed9b4c536,32,bitstamp:BTC/locked,bitstamp,WITHDRAWAL (COMMISSION),0.00012979 BTC,0.17305160 BTC,0.04313311 BTC,0.04313311 BTC
68,7435102c-3086-41f6-82fa-007ed9b4c536,32,bitstamp:BTC/locked,bitstamp,WITHDRAWAL (FILL ORDER),0.04313311 BTC,0.17305160 BTC,0.00000000 BTC,0.00000000 BTC
69,7435102c-3086-41f6-82fa-007ed9b4c536,32,bitstamp,bitstamp:USD/locked,DEPOSIT (TRADED 0.04313311 BTC bitstamp:USD/BTC @ 39134.35),1687.99 USD,6242.98 USD,1687.99 USD,1687.99 USD
70,7435102c-3086-41f6-82fa-007ed9b4c536,32,bitstamp:USD/locked,bitstamp:USD/free,UNLOCK USD (COMPLETED),1687.99 USD,7930.97 USD,0.00 USD,0.00 USD
71,7435102c-3086-41f6-82fa-007ed9b4c536,32,bitstamp:BTC/locked,bitstamp:BTC/free,UNLOCK BTC (COMPLETED),0.00000000 BTC,0.17305160 BTC,0.00000000 BTC,0.00000000 BTC
72,30c1748c-6aac-4b15-9a33-01c82f9f05a6,39,bitstamp:USD/free,bitstamp:USD/locked,LOCK (LOCK FOR ORDER),1586.19 USD,6344.78 USD,1586.19 USD,1586.19 USD
73,30c1748c-6aac-4b15-9a33-01c82f9f05a6,39,bitstamp:USD/locked,bitstamp,WITHDRAWAL (COMMISSION),4.76 USD,6344.78 USD,1581.43 USD,1581.43 USD
74,30c1748c-6aac-4b15-9a33-01c82f9f05a6,39,bitstamp:USD/locked,bitstamp,WITHDRAWAL (FILL ORDER),1581.43 USD,6344.78 USD,0.00 USD,0.00 USD
75,30c1748c-6aac-4b15-9a33-01c82f9f05a6,39,bitstamp,bitstamp:BTC/locked,DEPOSIT (TRADED 1581.43 USD bitstamp:USD/BTC @ 30818.18),0.05131484 BTC,0.17305160 BTC,0.05131484 BTC,0.05131484 BTC
76,30c1748c-6aac-4b15-9a33-01c82f9f05a6,39,bitstamp:USD/locked,bitstamp:USD/free,UNLOCK USD (COMPLETED),0.00 USD,6344.78 USD,0.00 USD,0.00 USD
77,30c1748c-6aac-4b15-9a33-01c82f9f05a6,39,bitstamp:BTC/locked,bitstamp:BTC/free,UNLOCK BTC (COMPLETED),0.05131484 BTC,0.22436644 BTC,0.00000000 BTC,0.00000000 BTC
78,44c11149-f759-44a8-8d8d-42c33758c0dd,41,bitstamp:BTC/free,bitstamp:BTC/locked,LOCK (LOCK FOR ORDER),0.04487329 BTC,0.17949315 BTC,0.04487329 BTC,0.04487329 BTC
79,44c11149-f759-44a8-8d8d-42c33758c0dd,41,bitstamp:BTC/locked,bitstamp,WITHDRAWAL (COMMISSION),0.00013462 BTC,0.17949315 BTC,0.04473867 BTC,0.04473867 BTC
80,44c11149-f759-44a8-8d8d-42c33758c0dd,41,bitstamp:BTC/locked,bitstamp,WITHDRAWAL (FILL ORDER),0.04473867 BTC,0.17949315 BTC,0.00000000 BTC,0.00000000 BTC
81,44c11149-f759-44a8-8d8d-42c33758c0dd,41,bitstamp,bitstamp:USD/locked,DEPOSIT (TRADED 0.04473867 BTC bitstamp:USD/BTC @ 32117.49),1436.89 USD,6344.78 USD,1436.89 USD,1436.89 USD
82,44c11149-f759-44a8-8d8d-42c33758c0dd,41,bitstamp:USD/locked,bitstamp:USD/free,UNLOCK USD (COMPLETED),1436.89 USD,7781.67 USD,0.00 USD,0.00 USD
83,44c11149-f759-44a8-8d8d-42c33758c0dd,41,bitstamp:BTC/locked,bitstamp:BTC/free,UNLOCK BTC (COMPLETED),0.00000000 BTC,0.17949315 BTC,0.00000000 BTC,0.00000000 BTC
84,8797fd9c-9f90-4960-8e7a-18951bdc8737,43,bitstamp:USD/free,bitstamp:USD/locked,LOCK (LOCK FOR ORDER),1556.33 USD,6225.34 USD,1556.33 USD,1556.33 USD
85,8797fd9c-9f90-4960-8e7a-18951bdc8737,43,bitstamp:USD/locked,bitstamp,WITHDRAWAL (COMMISSION),4.67 USD,6225.34 USD,1551.66 USD,1551.66 USD
86,8797fd9c-9f90-4960-8e7a-18951bdc8737,43,bitstamp:USD/locked,bitstamp,WITHDRAWAL (FILL ORDER),1551.66 USD,6225.34 USD,0.00 USD,0.00 USD
87,8797fd9c-9f90-4960-8e7a-18951bdc8737,43,bitstamp,bitstamp:BTC/locked,DEPOSIT (TRADED 1551.66 USD bitstamp:USD/BTC @ 32261.22),0.04809676 BTC,0.17949315 BTC,0.04809676 BTC,0.04809676 BTC
88,8797fd9c-9f90-4960-8e7a-18951bdc8737,43,bitstamp:USD/locked,bitstamp:USD/free,UNLOCK USD (COMPLETED),0.00 USD,6225.34 USD,0.00 USD,0.00 USD
89,8797fd9c-9f90-4960-8e7a-18951bdc8737,43,bitstamp:BTC/locked,bitstamp:BTC/free,UNLOCK BTC (COMPLETED),0.04809676 BTC,0.22758991 BTC,0.00000000 BTC,0.00000000 BTC
90,3f25c80c-6602-4179-9e36-dcc95e9e8d7c,50,bitstamp:BTC/free,bitstamp:BTC/locked,LOCK (LOCK FOR ORDER),0.04551798 BTC,0.18207193 BTC,0.04551798 BTC,0.04551798 BTC
91,3f25c80c-6602-4179-9e36-dcc95e9e8d7c,50,bitstamp:BTC/locked,bitstamp,WITHDRAWAL (COMMISSION),0.00013655 BTC,0.18207193 BTC,0.04538143 BTC,0.04538143 BTC
92,3f25c80c-6602-4179-9e36-dcc95e9e8d7c,50,bitstamp:BTC/locked,bitstamp,WITHDRAWAL (FILL ORDER),0.04538143 BTC,0.18207193 BTC,0.00000000 BTC,0.00000000 BTC
93,3f25c80c-6602-4179-9e36-dcc95e9e8d7c,50,bitstamp,bitstamp:USD/locked,DEPOSIT (TRADED 0.04538143 BTC bitstamp:USD/BTC @ 33532.74),1521.76 USD,6225.34 USD,1521.76 USD,1521.76 USD
94,3f25c80c-6602-4179-9e36-dcc95e9e8d7c,50,bitstamp:USD/locked,bitstamp:USD/free,UNLOCK USD (COMPLETED),1521.76 USD,7747.10 USD,0.00 USD,0.00 USD
95,3f25c80c-6602-4179-9e36-dcc95e9e8d7c,50,bitstamp:BTC/locked,bitstamp:BTC/free,UNLOCK BTC (COMPLETED),0.00000000 BTC,0.18207193 BTC,0.00000000 BTC,0.00000000 BTC
96,59e0bc52-6523-4490-8b64-a3b9a1ae1211,51,bitstamp:USD/free,bitstamp:USD/locked,LOCK (LOCK FOR ORDER),1549.42 USD,6197.68 USD,1549.42 USD,1549.42 USD
97,59e0bc52-6523-4490-8b64-a3b9a1ae1211,51,bitstamp:USD/locked,bitstamp,WITHDRAWAL (COMMISSION),4.65 USD,6197.68 USD,1544.77 USD,1544.77 USD
98,59e0bc52-6523-4490-8b64-a3b9a1ae1211,51,bitstamp:USD/locked,bitstamp,WITHDRAWAL (FILL ORDER),1544.77 USD,6197.68 USD,0.00 USD,0.00 USD
99,59e0bc52-6523-4490-8b64-a3b9a1ae1211,51,bitstamp,bitstamp:BTC/locked,DEPOSIT (TRADED 1544.77 USD bitstamp:USD/BTC @ 35522.16),0.04348750 BTC,0.18207193 BTC,0.04348750 BTC,0.04348750 BTC
100,59e0bc52-6523-4490-8b64-a3b9a1ae1211,51,bitstamp:USD/locked,bitstamp:USD/free,UNLOCK USD (COMPLETED),0.00 USD,6197.68 USD,0.00 USD,0.00 USD
101,59e0bc52-6523-4490-8b64-a3b9a1ae1211,51,bitstamp:BTC/locked,bitstamp:BTC/free,UNLOCK BTC (COMPLETED),0.04348750 BTC,0.22555943 BTC,0.00000000 BTC,0.00000000 BTC
102,5021c6d2-3f48-4115-af56-53394c009cb2,52,bitstamp:BTC/free,bitstamp:BTC/locked,LOCK (LOCK FOR ORDER),0.04511189 BTC,0.18044754 BTC,0.04511189 BTC,0.04511189 BTC
103,5021c6d2-3f48-4115-af56-53394c009cb2,52,bitstamp:BTC/locked,bitstamp,WITHDRAWAL (COMMISSION),0.00013534 BTC,0.18044754 BTC,0.04497655 BTC,0.04497655 BTC
104,5021c6d2-3f48-4115-af56-53394c009cb2,52,bitstamp:BTC/locked,bitstamp,WITHDRAWAL (FILL ORDER),0.04497655 BTC,0.18044754 BTC,0.00000000 BTC,0.00000000 BTC
105,5021c6d2-3f48-4115-af56-53394c009cb2,52,bitstamp,bitstamp:USD/locked,DEPOSIT (TRADED 0.04497655 BTC bitstamp:USD/BTC @ 37691.63),1695.24 USD,6197.68 USD,1695.24 USD,1695.24 USD
106,5021c6d2-3f48-4115-af56-53394c009cb2,52,bitstamp:USD/locked,bitstamp:USD/free,UNLOCK USD (COMPLETED),1695.24 USD,7892.92 USD,0.00 USD,0.00 USD
107,5021c6d2-3f48-4115-af56-53394c009cb2,52,bitstamp:BTC/locked,bitstamp:BTC/free,UNLOCK BTC (COMPLETED),0.00000000 BTC,0.18044754 BTC,0.00000000 BTC,0.00000000 BTC
108,979b3eeb-ed49-4859-878c-4238c649535b,53,bitstamp:USD/free,bitstamp:USD/locked,LOCK (LOCK FOR ORDER),1578.58 USD,6314.34 USD,1578.58 USD,1578.58 USD
109,979b3eeb-ed49-4859-878c-4238c649535b,53,bitstamp:USD/locked,bitstamp,WITHDRAWAL (COMMISSION),4.74 USD,6314.34 USD,1573.84 USD,1573.84 USD
110,979b3eeb-ed49-4859-878c-4238c649535b,53,bitstamp:USD/locked,bitstamp,WITHDRAWAL (FILL ORDER),1573.84 USD,6314.34 USD,0.00 USD,0.00 USD
111,979b3eeb-ed49-4859-878c-4238c649535b,53,bitstamp,bitstamp:BTC/locked,DEPOSIT (TRADED 1573.84 USD bitstamp:USD/BTC @ 36996.32),0.04254045 BTC,0.18044754 BTC,0.04254045 BTC,0.04254045 BTC
112,979b3eeb-ed49-4859-878c-4238c649535b,53,bitstamp:USD/locked,bitstamp:USD/free,UNLOCK USD (COMPLETED),0.00 USD,6314.34 USD,0.00 USD,0.00 USD
113,979b3eeb-ed49-4859-878c-4238c649535b,53,bitstamp:BTC/locked,bitstamp:BTC/free,UNLOCK BTC (COMPLETED),0.04254045 BTC,0.22298799 BTC,0.00000000 BTC,0.00000000 BTC
114,fc8f7589-26d0-4022-83ac-b7acf361faad,54,bitstamp:BTC/free,bitstamp:BTC/locked,LOCK (LOCK FOR ORDER),0.04459760 BTC,0.17839039 BTC,0.04459760 BTC,0.04459760 BTC
115,fc8f7589-26d0-4022-83ac-b7acf361faad,54,bitstamp:BTC/locked,bitstamp,WITHDRAWAL (COMMISSION),0.00013379 BTC,0.17839039 BTC,0.04446381 BTC,0.04446381 BTC
116,fc8f7589-26d0-4022-83ac-b7acf361faad,54,bitstamp:BTC/locked,bitstamp,WITHDRAWAL (FILL ORDER),0.04446381 BTC,0.17839039 BTC,0.00000000 BTC,0.00000000 BTC
117,fc8f7589-26d0-4022-83ac-b7acf361faad,54,bitstamp,bitstamp:USD/locked,DEPOSIT (TRADED 0.04446381 BTC bitstamp:USD/BTC @ 38320.00),1703.85 USD,6314.34 USD,1703.85 USD,1703.85 USD
118,fc8f7589-26d0-4022-83ac-b7acf361faad,54,bitstamp:USD/locked,bitstamp:USD/free,UNLOCK USD (COMPLETED),1703.85 USD,8018.19 USD,0.00 USD,0.00 USD
119,fc8f7589-26d0-4022-83ac-b7acf361faad,54,bitstamp:BTC/locked,bitstamp:BTC/free,UNLOCK BTC (COMPLETED),0.00000000 BTC,0.17839039 BTC,0.00000000 BTC,0.00000000 BTC
120,18aa2244-9dee-45cf-a6d7-2e4709c5c488,55,bitstamp:USD/free,bitstamp:USD/locked,LOCK (LOCK FOR ORDER),1603.64 USD,6414.55 USD,1603.64 USD,1603.64 USD
121,18aa2244-9dee-45cf-a6d7-2e4709c5c488,55,bitstamp:USD/locked,bitstamp,WITHDRAWAL (COMMISSION),4.81 USD,6414.55 USD,1598.83 USD,1598.83 USD
122,18aa2244-9dee-45cf-a6d7-2e4709c5c488,55,bitstamp:USD/locked,bitstamp,WITHDRAWAL (FILL ORDER),1598.83 USD,6414.55 USD,0.00 USD,0.00 USD
123,18aa2244-9dee-45cf-a6d7-2e4709c5c488,55,bitstamp,bitstamp:BTC/locked,DEPOSIT (TRADED 1598.83 USD bitstamp:USD/BTC @ 39282.10),0.04070124 BTC,0.17839039 BTC,0.04070124 BTC,0.04070124 BTC
124,18aa2244-9dee-45cf-a6d7-2e4709c5c488,55,bitstamp:USD/locked,bitstamp:USD/free,UNLOCK USD (COMPLETED),0.00 USD,6414.55 USD,0.00 USD,0.00 USD
125,18aa2244-9dee-45cf-a6d7-2e4709c5c488,55,bitstamp:BTC/locked,bitstamp:BTC/free,UNLOCK BTC (COMPLETED),0.04070124 BTC,0.21909163 BTC,0.00000000 BTC,0.00000000 BTC
126,479fa4dd-59f3-41a5-bfe6-182c7c369e18,56,bitstamp:BTC/free,bitstamp:BTC/locked,LOCK (LOCK FOR ORDER),0.04381833 BTC,0.17527330 BTC,0.04381833 BTC,0.04381833 BTC
127,479fa4dd-59f3-41a5-bfe6-182c7c369e18,56,bitstamp:BTC/locked,bitstamp,WITHDRAWAL (COMMISSION),0.00013145 BTC,0.17527330 BTC,0.04368688 BTC,0.04368688 BTC
128,479fa4dd-59f3-41a5-bfe6-182c7c369e18,56,bitstamp:BTC/locked,bitstamp,WITHDRAWAL (FILL ORDER),0.04368688 BTC,0.17527330 BTC,0.00000000 BTC,0.00000000 BTC
129,479fa4dd-59f3-41a5-bfe6-182c7c369e18,56,bitstamp,bitstamp:USD/locked,DEPOSIT (TRADED 0.04368688 BTC bitstamp:USD/BTC @ 38858.39),1697.60 USD,6414.55 USD,1697.60 USD,1697.60 USD
130,479fa4dd-59f3-41a5-bfe6-182c7c369e18,56,bitstamp:USD/locked,bitstamp:USD/free,UNLOCK USD (COMPLETED),1697.60 USD,8112.15 USD,0.00 USD,0.00 USD
131,479fa4dd-59f3-41a5-bfe6-182c7c369e18,56,bitstamp:BTC/locked,bitstamp:BTC/free,UNLOCK BTC (COMPLETED),0.00000000 BTC,0.17527330 BTC,0.00000000 BTC,0.00000000 BTC
132,c11a1844-5e8c-4210-b110-b22332bfe0ad,58,bitstamp:USD/free,bitstamp:USD/locked,LOCK (LOCK FOR ORDER),1622.43 USD,6489.72 USD,1622.43 USD,1622.43 USD
133,c11a1844-5e8c-4210-b110-b22332bfe0ad,58,bitstamp:USD/locked,bitstamp,WITHDRAWAL (COMMISSION),4.87 USD,6489.72 USD,1617.56 USD,1617.56 USD
134,c11a1844-5e8c-4210-b110-b22332bfe0ad,58,bitstamp:USD/locked,bitstamp,WITHDRAWAL (FILL ORDER),1617.56 USD,6489.72 USD,0.00 USD,0.00 USD
135,c11a1844-5e8c-4210-b110-b22332bfe0ad,58,bitstamp,bitstamp:BTC/locked,DEPOSIT (TRADED 1617.56 USD bitstamp:USD/BTC @ 46505.20),0.03478235 BTC,0.17527330 BTC,0.03478235 BTC,0.03478235 BTC
136,c11a1844-5e8c-4210-b110-b22332bfe0ad,58,bitstamp:USD/locked,bitstamp:USD/free,UNLOCK USD (COMPLETED),0.00 USD,6489.72 USD,0.00 USD,0.00 USD
137,c11a1844-5e8c-4210-b110-b22332bfe0ad,58,bitstamp:BTC/locked,bitstamp:BTC/free,UNLOCK BTC (COMPLETED),0.03478235 BTC,0.21005565 BTC,0.00000000 BTC,0.00000000 BTC
138,8ea2ccd8-587b-4d55-bcd2-cf36c2057394,59,bitstamp:BTC/free,bitstamp:BTC/locked,LOCK (LOCK FOR ORDER),0.04201113 BTC,0.16804452 BTC,0.04201113 BTC,0.04201113 BTC
139,8ea2ccd8-587b-4d55-bcd2-cf36c2057394,59,bitstamp:BTC/locked,bitstamp,WITHDRAWAL (COMMISSION),0.00012603 BTC,0.16804452 BTC,0.04188510 BTC,0.04188510 BTC
140,8ea2ccd8-587b-4d55-bcd2-cf36c2057394,59,bitstamp:BTC/locked,bitstamp,WITHDRAWAL (FILL ORDER),0.04188510 BTC,0.16804452 BTC,0.00000000 BTC,0.00000000 BTC
141,8ea2ccd8-587b-4d55-bcd2-cf36c2057394,59,bitstamp,bitstamp:USD/locked,DEPOSIT (TRADED 0.04188510 BTC bitstamp:USD/BTC @ 44854.63),1878.74 USD,6489.72 USD,1878.74 USD,1878.74 USD
142,8ea2ccd8-587b-4d55-bcd2-cf36c2057394,59,bitstamp:USD/locked,bitstamp:USD/free,UNLOCK USD (COMPLETED),1878.74 USD,8368.46 USD,0.00 USD,0.00 USD
143,8ea2ccd8-587b-4d55-bcd2-cf36c2057394,59,bitstamp:BTC/locked,bitstamp:BTC/free,UNLOCK BTC (COMPLETED),0.00000000 BTC,0.16804452 BTC,0.00000000 BTC,0.00000000 BTC
144,6a09b7f1-6a7e-43a3-850e-de4909cd39b1,60,bitstamp:USD/free,bitstamp:USD/locked,LOCK (LOCK FOR ORDER),1673.69 USD,6694.77 USD,1673.69 USD,1673.69 USD
145,6a09b7f1-6a7e-43a3-850e-de4909cd39b1,60,bitstamp:USD/locked,bitstamp,WITHDRAWAL (COMMISSION),5.02 USD,6694.77 USD,1668.67 USD,1668.67 USD
146,6a09b7f1-6a7e-43a3-850e-de4909cd39b1,60,bitstamp:USD/locked,bitstamp,WITHDRAWAL (FILL ORDER),1668.67 USD,6694.77 USD,0.00 USD,0.00 USD
147,6a09b7f1-6a7e-43a3-850e-de4909cd39b1,60,bitstamp,bitstamp:BTC/locked,DEPOSIT (TRADED 1668.67 USD bitstamp:USD/BTC @ 47981.48),0.03477738 BTC,0.16804452 BTC,0.03477738 BTC,0.03477738 BTC
148,6a09b7f1-6a7e-43a3-850e-de4909cd39b1,60,bitstamp:USD/locked,bitstamp:USD/free,UNLOCK USD (COMPLETED),0.00 USD,6694.77 USD,0.00 USD,0.00 USD
149,6a09b7f1-6a7e-43a3-850e-de4909cd39b1,60,bitstamp:BTC/locked,bitstamp:BTC/free,UNLOCK BTC (COMPLETED),0.03477738 BTC,0.20282190 BTC,0.00000000 BTC,0.00000000 BTC
150,580c4c7b-8659-4d33-900f-2d7aff3bf908,62,bitstamp:BTC/free,bitstamp:BTC/locked,LOCK (LOCK FOR ORDER),0.04056438 BTC,0.16225752 BTC,0.04056438 BTC,0.04056438 BTC
151,580c4c7b-8659-4d33-900f-2d7aff3bf908,62,bitstamp:BTC/locked,bitstamp,WITHDRAWAL (COMMISSION),0.00012169 BTC,0.16225752 BTC,0.04044269 BTC,0.04044269 BTC
152,580c4c7b-8659-4d33-900f-2d7aff3bf908,62,bitstamp:BTC/locked,bitstamp,WITHDRAWAL (FILL ORDER),0.04044269 BTC,0.16225752 BTC,0.00000000 BTC,0.00000000 BTC
153,580c4c7b-8659-4d33-900f-2d7aff3bf908,62,bitstamp,bitstamp:USD/locked,DEPOSIT (TRADED 0.04044269 BTC bitstamp:USD/BTC @ 47228.48),1910.05 USD,6694.77 USD,1910.05 USD,1910.05 USD
154,580c4c7b-8659-4d33-900f-2d7aff3bf908,62,bitstamp:USD/locked,bitstamp:USD/free,UNLOCK USD (COMPLETED),1910.05 USD,8604.82 USD,0.00 USD,0.00 USD
155,580c4c7b-8659-4d33-900f-2d7aff3bf908,62,bitstamp:BTC/locked,bitstamp:BTC/free,UNLOCK BTC (COMPLETED),0.00000000 BTC,0.16225752 BTC,0.00000000 BTC,0.00000000 BTC
156,86c0372d-2a0f-4e6b-a71a-908878bf1b37,64,bitstamp:USD/free,bitstamp:USD/locked,LOCK (LOCK FOR ORDER),1720.96 USD,6883.86 USD,1720.96 USD,1720.96 USD
157,86c0372d-2a0f-4e6b-a71a-908878bf1b37,64,bitstamp:USD/locked,bitstamp,WITHDRAWAL (COMMISSION),5.16 USD,6883.86 USD,1715.80 USD,1715.80 USD
158,86c0372d-2a0f-4e6b-a71a-908878bf1b37,64,bitstamp:USD/locked,bitstamp,WITHDRAWAL (FILL ORDER),1715.80 USD,6883.86 USD,0.00 USD,0.00 USD
159,86c0372d-2a0f-4e6b-a71a-908878bf1b37,64,bitstamp,bitstamp:BTC/locked,DEPOSIT (TRADED 1715.80 USD bitstamp:USD/BTC @ 47942.57),0.03578865 BTC,0.16225752 BTC,0.03578865 BTC,0.03578865 BTC
160,86c0372d-2a0f-4e6b-a71a-908878bf1b37,64,bitstamp:USD/locked,bitstamp:USD/free,UNLOCK USD (COMPLETED),0.00 USD,6883.86 USD,0.00 USD,0.00 USD
161,86c0372d-2a0f-4e6b-a71a-908878bf1b37,64,bitstamp:BTC/locked,bitstamp:BTC/free,UNLOCK BTC (COMPLETED),0.03578865 BTC,0.19804617 BTC,0.00000000 BTC,0.00000000 BTC
162,73bd241f-af70-4de3-abb5-0b2653c70518,66,bitstamp:BTC/free,bitstamp:BTC/locked,LOCK (LOCK FOR ORDER),0.03960923 BTC,0.15843694 BTC,0.03960923 BTC,0.03960923 BTC
163,73bd241f-af70-4de3-abb5-0b2653c70518,66,bitstamp:BTC/locked,bitstamp,WITHDRAWAL (COMMISSION),0.00011883 BTC,0.15843694 BTC,0.03949040 BTC,0.03949040 BTC
164,73bd241f-af70-4de3-abb5-0b2653c70518,66,bitstamp:BTC/locked,bitstamp,WITHDRAWAL (FILL ORDER),0.03949040 BTC,0.15843694 BTC,0.00000000 BTC,0.00000000 BTC
165,73bd241f-af70-4de3-abb5-0b2653c70518,66,bitstamp,bitstamp:USD/locked,DEPOSIT (TRADED 0.03949040 BTC bitstamp:USD/BTC @ 52174.28),2060.38 USD,6883.86 USD,2060.38 USD,2060.38 USD
166,73bd241f-af70-4de3-abb5-0b2653c70518,66,bitstamp:USD/locked,bitstamp:USD/free,UNLOCK USD (COMPLETED),2060.38 USD,8944.24 USD,0.00 USD,0.00 USD
167,73bd241f-af70-4de3-abb5-0b2653c70518,66,bitstamp:BTC/locked,bitstamp:BTC/free,UNLOCK BTC (COMPLETED),0.00000000 BTC,0.15843694 BTC,0.00000000 BTC,0.00000000 BTC
168,e7aca0b9-cf27-4c1f-b7a4-1f3f208a7376,67,bitstamp:USD/free,bitstamp:USD/locked,LOCK (LOCK FOR ORDER),1788.85 USD,7155.39 USD,1788.85 USD,1788.85 USD
169,e7aca0b9-cf27-4c1f-b7a4-1f3f208a7376,67,bitstamp:USD/locked,bitstamp,WITHDRAWAL (COMMISSION),5.37 USD,7155.39 USD,1783.48 USD,1783.48 USD
170,e7aca0b9-cf27-4c1f-b7a4-1f3f208a7376,67,bitstamp:USD/locked,bitstamp,WITHDRAWAL (FILL ORDER),1783.48 USD,7155.39 USD,0.00 USD,0.00 USD
171,e7aca0b9-cf27-4c1f-b7a4-1f3f208a7376,67,bitstamp,bitstamp:BTC/locked,DEPOSIT (TRADED 1783.48 USD bitstamp:USD/BTC @ 51579.54),0.03457728 BTC,0.15843694 BTC,0.03457728 BTC,0.03457728 BTC
172,e7aca0b9-cf27-4c1f-b7a4-1f3f208a7376,67,bitstamp:USD/locked,bitstamp:USD/free,UNLOCK USD (COMPLETED),0.00 USD,7155.39 USD,0.00 USD,0.00 USD
173,e7aca0b9-cf27-4c1f-b7a4-1f3f208a7376,67,bitstamp:BTC/locked,bitstamp:BTC/free,UNLOCK BTC (COMPLETED),0.03457728 BTC,0.19301422 BTC,0.00000000 BTC,0.00000000 BTC
174,6534c82b-1d1e-4afa-8efc-d3c6d28c6aba,71,bitstamp:BTC/free,bitstamp:BTC/locked,LOCK (LOCK FOR ORDER),0.03860284 BTC,0.15441138 BTC,0.03860284 BTC,0.03860284 BTC
175,6534c82b-1d1e-4afa-8efc-d3c6d28c6aba,71,bitstamp:BTC/locked,bitstamp,WITHDRAWAL (COMMISSION),0.00011581 BTC,0.15441138 BTC,0.03848703 BTC,0.03848703 BTC
176,6534c82b-1d1e-4afa-8efc-d3c6d28c6aba,71,bitstamp:BTC/locked,bitstamp,WITHDRAWAL (FILL ORDER),0.03848703 BTC,0.15441138 BTC,0.00000000 BTC,0.00000000 BTC
177,6534c82b-1d1e-4afa-8efc-d3c6d28c6aba,71,bitstamp,bitstamp:USD/locked,DEPOSIT (TRADED 0.03848703 BTC bitstamp:USD/BTC @ 54173.65),2084.98 USD,7155.39 USD,2084.98 USD,2084.98 USD
178,6534c82b-1d1e-4afa-8efc-d3c6d28c6aba,71,bitstamp:USD/locked,bitstamp:USD/free,UNLOCK USD (COMPLETED),2084.98 USD,9240.37 USD,0.00 USD,0.00 USD
179,6534c82b-1d1e-4afa-8efc-d3c6d28c6aba,71,bitstamp:BTC/locked,bitstamp:BTC/free,UNLOCK BTC (COMPLETED),0.00000000 BTC,0.15441138 BTC,0.00000000 BTC,0.00000000 BTC
180,b5115104-4554-4c98-a786-522f49a17228,72,bitstamp:USD/free,bitstamp:USD/locked,LOCK (LOCK FOR ORDER),1848.07 USD,7392.30 USD,1848.07 USD,1848.07 USD
181,b5115104-4554-4c98-a786-522f49a17228,72,bitstamp:USD/locked,bitstamp,WITHDRAWAL (COMMISSION),5.54 USD,7392.30 USD,1842.53 USD,1842.53 USD
182,b5115104-4554-4c98-a786-522f49a17228,72,bitstamp:USD/locked,bitstamp,WITHDRAWAL (FILL ORDER),1842.53 USD,7392.30 USD,0.00 USD,0.00 USD
183,b5115104-4554-4c98-a786-522f49a17228,72,bitstamp,bitstamp:BTC/locked,DEPOSIT (TRADED 1842.53 USD bitstamp:USD/BTC @ 48887.93),0.03768885 BTC,0.15441138 BTC,0.03768885 BTC,0.03768885 BTC
184,b5115104-4554-4c98-a786-522f49a17228,72,bitstamp:USD/locked,bitstamp:USD/free,UNLOCK USD (COMPLETED),0.00 USD,7392.30 USD,0.00 USD,0.00 USD
185,b5115104-4554-4c98-a786-522f49a17228,72,bitstamp:BTC/locked,bitstamp:BTC/free,UNLOCK BTC (COMPLETED),0.03768885 BTC,0.19210023 BTC,0.00000000 BTC,0.00000000 BTC
186,e0c71a10-3f46-4ac1-8a12-aaffa2dcdc50,73,bitstamp:BTC/free,bitstamp:BTC/locked,LOCK (LOCK FOR ORDER),0.03842005 BTC,0.15368018 BTC,0.03842005 BTC,0.03842005 BTC
187,e0c71a10-3f46-4ac1-8a12-aaffa2dcdc50,73,bitstamp:BTC/locked,bitstamp,WITHDRAWAL (COMMISSION),0.00011526 BTC,0.15368018 BTC,0.03830479 BTC,0.03830479 BTC
188,e0c71a10-3f46-4ac1-8a12-aaffa2dcdc50,73,bitstamp:BTC/locked,bitstamp,WITHDRAWAL (FILL ORDER),0.03830479 BTC,0.15368018 BTC,0.00000000 BTC,0.00000000 BTC
189,e0c71a10-3f46-4ac1-8a12-aaffa2dcdc50,73,bitstamp,bitstamp:USD/locked,DEPOSIT (TRADED 0.03830479 BTC bitstamp:USD/BTC @ 49754.00),1905.82 USD,7392.30 USD,1905.82 USD,1905.82 USD
190,e0c71a10-3f46-4ac1-8a12-aaffa2dcdc50,73,bitstamp:USD/locked,bitstamp:USD/free,UNLOCK USD (COMPLETED),1905.82 USD,9298.12 USD,0.00 USD,0.00 USD
191,e0c71a10-3f46-4ac1-8a12-aaffa2dcdc50,73,bitstamp:BTC/locked,bitstamp:BTC/free,UNLOCK BTC (COMPLETED),0.00000000 BTC,0.15368018 BTC,0.00000000 BTC,0.00000000 BTC
192,0ea57f63-7820-4fa4-9d9b-4970b7b6391b,75,bitstamp:USD/free,bitstamp:USD/locked,LOCK (LOCK FOR ORDER),1859.62 USD,7438.50 USD,1859.62 USD,1859.62 USD
193,0ea57f63-7820-4fa4-9d9b-4970b7b6391b,75,bitstamp:USD/locked,bitstamp,WITHDRAWAL (COMMISSION),5.58 USD,7438.50 USD,1854.04 USD,1854.04 USD
194,0ea57f63-7820-4fa4-9d9b-4970b7b6391b,75,bitstamp:USD/locked,bitstamp,WITHDRAWAL (FILL ORDER),1854.04 USD,7438.50 USD,0.00 USD,0.00 USD
195,0ea57f63-7820-4fa4-9d9b-4970b7b6391b,75,bitstamp,bitstamp:BTC/locked,DEPOSIT (TRADED 1854.04 USD bitstamp:USD/BTC @ 46314.83),0.04003124 BTC,0.15368018 BTC,0.04003124 BTC,0.04003124 BTC
196,0ea57f63-7820-4fa4-9d9b-4970b7b6391b,75,bitstamp:USD/locked,bitstamp:USD/free,UNLOCK USD (COMPLETED),0.00 USD,7438.50 USD,0.00 USD,0.00 USD
197,0ea57f63-7820-4fa4-9d9b-4970b7b6391b,75,bitstamp:BTC/locked,bitstamp:BTC/free,UNLOCK BTC (COMPLETED),0.04003124 BTC,0.19371142 BTC,0.00000000 BTC,0.00000000 BTC
198,59676133-5f40-43f1-a986-4f89f3f39a44,76,bitstamp:BTC/free,bitstamp:BTC/locked,LOCK (LOCK FOR ORDER),0.03874228 BTC,0.15496914 BTC,0.03874228 BTC,0.03874228 BTC
199,59676133-5f40-43f1-a986-4f89f3f39a44,76,bitstamp:BTC/locked,bitstamp,WITHDRAWAL (COMMISSION),0.00011623 BTC,0.15496914 BTC,0.03862605 BTC,0.03862605 BTC
200,59676133-5f40-43f1-a986-4f89f3f39a44,76,bitstamp:BTC/locked,bitstamp,WITHDRAWAL (FILL ORDER),0.03862605 BTC,0.15496914 BTC,0.00000000 BTC,0.00000000 BTC
201,59676133-5f40-43f1-a986-4f89f3f39a44,76,bitstamp,bitstamp:USD/locked,DEPOSIT (TRADED 0.03862605 BTC bitstamp:USD/BTC @ 46109.98),1781.05 USD,7438.50 USD,1781.05 USD,1781.05 USD
202,59676133-5f40-43f1-a986-4f89f3f39a44,76,bitstamp:USD/locked,bitstamp:USD/free,UNLOCK USD (COMPLETED),1781.05 USD,9219.55 USD,0.00 USD,0.00 USD
203,59676133-5f40-43f1-a986-4f89f3f39a44,76,bitstamp:BTC/locked,bitstamp:BTC/free,UNLOCK BTC (COMPLETED),0.00000000 BTC,0.15496914 BTC,0.00000000 BTC,0.00000000 BTC
204,7db9415f-bd50-42c7-a1e5-0ccc15378d77,77,bitstamp:USD/free,bitstamp:USD/locked,LOCK (LOCK FOR ORDER),1843.91 USD,7375.64 USD,1843.91 USD,1843.91 USD
205,7db9415f-bd50-42c7-a1e5-0ccc15378d77,77,bitstamp:USD/locked,bitstamp,WITHDRAWAL (COMMISSION),5.53 USD,7375.64 USD,1838.38 USD,1838.38 USD
206,7db9415f-bd50-42c7-a1e5-0ccc15378d77,77,bitstamp:USD/locked,bitstamp,WITHDRAWAL (FILL ORDER),1838.38 USD,7375.64 USD,0.00 USD,0.00 USD
207,7db9415f-bd50-42c7-a1e5-0ccc15378d77,77,bitstamp,bitstamp:BTC/locked,DEPOSIT (TRADED 1838.38 USD bitstamp:USD/BTC @ 45240.96),0.04063530 BTC,0.15496914 BTC,0.04063530 BTC,0.04063530 BTC
208,7db9415f-bd50-42c7-a1e5-0ccc15378d77,77,bitstamp:USD/locked,bitstamp:USD/free,UNLOCK USD (COMPLETED),0.00 USD,7375.64 USD,0.00 USD,0.00 USD
209,7db9415f-bd50-42c7-a1e5-0ccc15378d77,77,bitstamp:BTC/locked,bitstamp:BTC/free,UNLOCK BTC (COMPLETED),0.04063530 BTC,0.19560444 BTC,0.00000000 BTC,0.00000000 BTC
210,6d170c43-1310-491b-ac63-7650beda7836,80,bitstamp:BTC/free,bitstamp:BTC/locked,LOCK (LOCK FOR ORDER),0.03912089 BTC,0.15648355 BTC,0.03912089 BTC,0.03912089 BTC
211,6d170c43-1310-491b-ac63-7650beda7836,80,bitstamp:BTC/locked,bitstamp,WITHDRAWAL (COMMISSION),0.00011736 BTC,0.15648355 BTC,0.03900353 BTC,0.03900353 BTC
212,6d170c43-1310-491b-ac63-7650beda7836,80,bitstamp:BTC/locked,bitstamp,WITHDRAWAL (FILL ORDER),0.03900353 BTC,0.15648355 BTC,0.00000000 BTC,0.00000000 BTC
213,6d170c43-1310-491b-ac63-7650beda7836,80,bitstamp,bitstamp:USD/locked,DEPOSIT (TRADED 0.03900353 BTC bitstamp:USD/BTC @ 50379.68),1964.99 USD,7375.64 USD,1964.99 USD,1964.99 USD
214,6d170c43-1310-491b-ac63-7650beda7836,80,bitstamp:USD/locked,bitstamp:USD/free,UNLOCK USD (COMPLETED),1964.99 USD,9340.63 USD,0.00 USD,0.00 USD
215,6d170c43-1310-491b-ac63-7650beda7836,80,bitstamp:BTC/locked,bitstamp:BTC/free,UNLOCK BTC (COMPLETED),0.00000000 BTC,0.15648355 BTC,0.00000000 BTC,0.00000000 BTC
216,f88c5af4-8368-4d60-a93e-b9970345de20,83,bitstamp:USD/free,bitstamp:USD/locked,LOCK (LOCK FOR ORDER),1868.13 USD,7472.50 USD,1868.13 USD,1868.13 USD
217,f88c5af4-8368-4d60-a93e-b9970345de20,83,bitstamp:USD/locked,bitstamp,WITHDRAWAL (COMMISSION),5.60 USD,7472.50 USD,1862.53 USD,1862.53 USD
218,f88c5af4-8368-4d60-a93e-b9970345de20,83,bitstamp:USD/locked,bitstamp,WITHDRAWAL (FILL ORDER),1862.53 USD,7472.50 USD,0.00 USD,0.00 USD
219,f88c5af4-8368-4d60-a93e-b9970345de20,83,bitstamp,bitstamp:BTC/locked,DEPOSIT (TRADED 1862.53 USD bitstamp:USD/BTC @ 48904.63),0.03808494 BTC,0.15648355 BTC,0.03808494 BTC,0.03808494 BTC
220,f88c5af4-8368-4d60-a93e-b9970345de20,83,bitstamp:USD/locked,bitstamp:USD/free,UNLOCK USD (COMPLETED),0.00 USD,7472.50 USD,0.00 USD,0.00 USD
221,f88c5af4-8368-4d60-a93e-b9970345de20,83,bitstamp:BTC/locked,bitstamp:BTC/free,UNLOCK BTC (COMPLETED),0.03808494 BTC,0.19456849 BTC,0.00000000 BTC,0.00000000 BTC
222,48901484-a200-4b6e-9f60-c0d91962653e,85,bitstamp:BTC/free,bitstamp:BTC/locked,LOCK (LOCK FOR ORDER),0.03891370 BTC,0.15565479 BTC,0.03891370 BTC,0.03891370 BTC
223,48901484-a200-4b6e-9f60-c0d91962653e,85,bitstamp:BTC/locked,bitstamp,WITHDRAWAL (COMMISSION),0.00011674 BTC,0.15565479 BTC,0.03879696 BTC,0.03879696 BTC
224,48901484-a200-4b6e-9f60-c0d91962653e,85,bitstamp:BTC/locked,bitstamp,WITHDRAWAL (FILL ORDER),0.03879696 BTC,0.15565479 BTC,0.00000000 BTC,0.00000000 BTC
225,48901484-a200-4b6e-9f60-c0d91962653e,85,bitstamp,bitstamp:USD/locked,DEPOSIT (TRADED 0.03879696 BTC bitstamp:USD/BTC @ 52427.80),2034.04 USD,7472.50 USD,2034.04 USD,2034.04 USD
226,48901484-a200-4b6e-9f60-c0d91962653e,85,bitstamp:USD/locked,bitstamp:USD/free,UNLOCK USD (COMPLETED),2034.04 USD,9506.54 USD,0.00 USD,0.00 USD
227,48901484-a200-4b6e-9f60-c0d91962653e,85,bitstamp:BTC/locked,bitstamp:BTC/free,UNLOCK BTC (COMPLETED),0.00000000 BTC,0.15565479 BTC,0.00000000 BTC,0.00000000 BTC
228,7280852d-9a22-4f6b-8bc0-fe488260344a,86,bitstamp:USD/free,bitstamp:USD/locked,LOCK (LOCK FOR ORDER),1901.31 USD,7605.23 USD,1901.31 USD,1901.31 USD
229,7280852d-9a22-4f6b-8bc0-fe488260344a,86,bitstamp:USD/locked,bitstamp,WITHDRAWAL (COMMISSION),5.70 USD,7605.23 USD,1895.61 USD,1895.61 USD
230,7280852d-9a22-4f6b-8bc0-fe488260344a,86,bitstamp:USD/locked,bitstamp,WITHDRAWAL (FILL ORDER),1895.61 USD,7605.23 USD,0.00 USD,0.00 USD
231,7280852d-9a22-4f6b-8bc0-fe488260344a,86,bitstamp,bitstamp:BTC/locked,DEPOSIT (TRADED 1895.61 USD bitstamp:USD/BTC @ 54929.02),0.03451017 BTC,0.15565479 BTC,0.03451017 BTC,0.03451017 BTC
232,7280852d-9a22-4f6b-8bc0-fe488260344a,86,bitstamp:USD/locked,bitstamp:USD/free,UNLOCK USD (COMPLETED),0.00 USD,7605.23 USD,0.00 USD,0.00 USD
233,7280852d-9a22-4f6b-8bc0-fe488260344a,86,bitstamp:BTC/locked,bitstamp:BTC/free,UNLOCK BTC (COMPLETED),0.03451017 BTC,0.19016496 BTC,0.00000000 BTC,0.00000000 BTC
234,834e0281-5dcd-451f-8460-64206d978b06,90,bitstamp:BTC/free,bitstamp:BTC/locked,LOCK (LOCK FOR ORDER),0.03803299 BTC,0.15213197 BTC,0.03803299 BTC,0.03803299 BTC
235,834e0281-5dcd-451f-8460-64206d978b06,90,bitstamp:BTC/locked,bitstamp,WITHDRAWAL (COMMISSION),0.00011410 BTC,0.15213197 BTC,0.03791889 BTC,0.03791889 BTC
236,834e0281-5dcd-451f-8460-64206d978b06,90,bitstamp:BTC/locked,bitstamp,WITHDRAWAL (FILL ORDER),0.03791889 BTC,0.15213197 BTC,0.00000000 BTC,0.00000000 BTC
237,834e0281-5dcd-451f-8460-64206d978b06,90,bitstamp,bitstamp:USD/locked,DEPOSIT (TRADED 0.03791889 BTC bitstamp:USD/BTC @ 61165.19),2319.32 USD,7605.23 USD,2319.32 USD,2319.32 USD
238,834e0281-5dcd-451f-8460-64206d978b06,90,bitstamp:USD/locked,bitstamp:USD/free,UNLOCK USD (COMPLETED),2319.32 USD,9924.55 USD,0.00 USD,0.00 USD
239,834e0281-5dcd-451f-8460-64206d978b06,90,bitstamp:BTC/locked,bitstamp:BTC/free,UNLOCK BTC (COMPLETED),0.00000000 BTC,0.15213197 BTC,0.00000000 BTC,0.00000000 BTC
240,77a0655a-e202-4c83-b32c-c41abaf271dd,92,bitstamp:USD/free,bitstamp:USD/locked,LOCK (LOCK FOR ORDER),1984.91 USD,7939.64 USD,1984.91 USD,1984.91 USD
241,77a0655a-e202-4c83-b32c-c41abaf271dd,92,bitstamp:USD/locked,bitstamp,WITHDRAWAL (COMMISSION),5.95 USD,7939.64 USD,1978.96 USD,1978.96 USD
242,77a0655a-e202-4c83-b32c-c41abaf271dd,92,bitstamp:USD/locked,bitstamp,WITHDRAWAL (FILL ORDER),1978.96 USD,7939.64 USD,0.00 USD,0.00 USD
243,77a0655a-e202-4c83-b32c-c41abaf271dd,92,bitstamp,bitstamp:BTC/locked,DEPOSIT (TRADED 1978.96 USD bitstamp:USD/BTC @ 55644.37),0.03556442 BTC,0.15213197 BTC,0.03556442 BTC,0.03556442 BTC
244,77a0655a-e202-4c83-b32c-c41abaf271dd,92,bitstamp:USD/locked,bitstamp:USD/free,UNLOCK USD (COMPLETED),0.00 USD,7939.64 USD,0.00 USD,0.00 USD
245,77a0655a-e202-4c83-b32c-c41abaf271dd,92,bitstamp:BTC/locked,bitstamp:BTC/free,UNLOCK BTC (COMPLETED),0.03556442 BTC,0.18769639 BTC,0.00000000 BTC,0.00000000 BTC
246,b44a0477-ad6d-4551-9ea1-0778f5d8753c,95,bitstamp:BTC/free,bitstamp:BTC/locked,LOCK (LOCK FOR ORDER),0.03753928 BTC,0.15015711 BTC,0.03753928 BTC,0.03753928 BTC
247,b44a0477-ad6d-4551-9ea1-0778f5d8753c,95,bitstamp:BTC/locked,bitstamp,WITHDRAWAL (COMMISSION),0.00011262 BTC,0.15015711 BTC,0.03742666 BTC,0.03742666 BTC
248,b44a0477-ad6d-4551-9ea1-0778f5d8753c,95,bitstamp:BTC/locked,bitstamp,WITHDRAWAL (FILL ORDER),0.03742666 BTC,0.15015711 BTC,0.00000000 BTC,0.00000000 BTC
249,b44a0477-ad6d-4551-9ea1-0778f5d8753c,95,bitstamp,bitstamp:USD/locked,DEPOSIT (TRADED 0.03742666 BTC bitstamp:USD/BTC @ 57648.05),2157.57 USD,7939.64 USD,2157.57 USD,2157.57 USD
250,b44a0477-ad6d-4551-9ea1-0778f5d8753c,95,bitstamp:USD/locked,bitstamp:USD/free,UNLOCK USD (COMPLETED),2157.57 USD,10097.21 USD,0.00 USD,0.00 USD
251,b44a0477-ad6d-4551-9ea1-0778f5d8753c,95,bitstamp:BTC/locked,bitstamp:BTC/free,UNLOCK BTC (COMPLETED),0.00000000 BTC,0.15015711 BTC,0.00000000 BTC,0.00000000 BTC
252,f1692729-d793-4ab3-92ba-2e8f0f93f2d0,97,bitstamp:USD/free,bitstamp:USD/locked,LOCK (LOCK FOR ORDER),2019.44 USD,8077.77 USD,2019.44 USD,2019.44 USD
253,f1692729-d793-4ab3-92ba-2e8f0f93f2d0,97,bitstamp:USD/locked,bitstamp,WITHDRAWAL (COMMISSION),6.06 USD,8077.77 USD,2013.38 USD,2013.38 USD
254,f1692729-d793-4ab3-92ba-2e8f0f93f2d0,97,bitstamp:USD/locked,bitstamp,WITHDRAWAL (FILL ORDER),2013.38 USD,8077.77 USD,0.00 USD,0.00 USD
255,f1692729-d793-4ab3-92ba-2e8f0f93f2d0,97,bitstamp,bitstamp:BTC/locked,DEPOSIT (TRADED 2013.38 USD bitstamp:USD/BTC @ 58138.39),0.03463082 BTC,0.15015711 BTC,0.03463082 BTC,0.03463082 BTC
256,f1692729-d793-4ab3-92ba-2e8f0f93f2d0,97,bitstamp:USD/locked,bitstamp:USD/free,UNLOCK USD (COMPLETED),0.00 USD,8077.77 USD,0.00 USD,0.00 USD
257,f1692729-d793-4ab3-92ba-2e8f0f93f2d0,97,bitstamp:BTC/locked,bitstamp:BTC/free,UNLOCK BTC (COMPLETED),0.03463082 BTC,0.18478793 BTC,0.00000000 BTC,0.00000000 BTC
258,30dd1a30-6dcf-4b53-8d0a-71d6027e353b,98,bitstamp:BTC/free,bitstamp:BTC/locked,LOCK (LOCK FOR ORDER),0.03695759 BTC,0.14783034 BTC,0.03695759 BTC,0.03695759 BTC
259,30dd1a30-6dcf-4b53-8d0a-71d6027e353b,98,bitstamp:BTC/locked,bitstamp,WITHDRAWAL (COMMISSION),0.00011087 BTC,0.14783034 BTC,0.03684672 BTC,0.03684672 BTC
260,30dd1a30-6dcf-4b53-8d0a-71d6027e353b,98,bitstamp:BTC/locked,bitstamp,WITHDRAWAL (FILL ORDER),0.03684672 BTC,0.14783034 BTC,0.00000000 BTC,0.00000000 BTC
261,30dd1a30-6dcf-4b53-8d0a-71d6027e353b,98,bitstamp,bitstamp:USD/locked,DEPOSIT (TRADED 0.03684672 BTC bitstamp:USD/BTC @ 57381.79),2114.33 USD,8077.77 USD,2114.33 USD,2114.33 USD
262,30dd1a30-6dcf-4b53-8d0a-71d6027e353b,98,bitstamp:USD/locked,bitstamp:USD/free,UNLOCK USD (COMPLETED),2114.33 USD,10192.10 USD,0.00 USD,0.00 USD
263,30dd1a30-6dcf-4b53-8d0a-71d6027e353b,98,bitstamp:BTC/locked,bitstamp:BTC/free,UNLOCK BTC (COMPLETED),0.00000000 BTC,0.14783034 BTC,0.00000000 BTC,0.00000000 BTC
264,38e4397e-9bae-4e87-906b-11a4316091f9,99,bitstamp:USD/free,bitstamp:USD/locked,LOCK (LOCK FOR ORDER),2038.42 USD,8153.68 USD,2038.42 USD,2038.42 USD
265,38e4397e-9bae-4e87-906b-11a4316091f9,99,bitstamp:USD/locked,bitstamp,WITHDRAWAL (COMMISSION),6.12 USD,8153.68 USD,2032.30 USD,2032.30 USD
266,38e4397e-9bae-4e87-906b-11a4316091f9,99,bitstamp:USD/locked,bitstamp,WITHDRAWAL (FILL ORDER),2032.30 USD,8153.68 USD,0.00 USD,0.00 USD
267,38e4397e-9bae-4e87-906b-11a4316091f9,99,bitstamp,bitstamp:BTC/locked,DEPOSIT (TRADED 2032.30 USD bitstamp:USD/BTC @ 54070.92),0.03758582 BTC,0.14783034 BTC,0.03758582 BTC,0.03758582 BTC
268,38e4397e-9bae-4e87-906b-11a4316091f9,99,bitstamp:USD/locked,bitstamp:USD/free,UNLOCK USD (COMPLETED),0.00 USD,8153.68 USD,0.00 USD,0.00 USD
269,38e4397e-9bae-4e87-906b-11a4316091f9,99,bitstamp:BTC/locked,bitstamp:BTC/free,UNLOCK BTC (COMPLETED),0.03758582 BTC,0.18541616 BTC,0.00000000 BTC,0.00000000 BTC
270,fe05e4a3-d8ce-421d-8f1b-0d56980736c7,104,bitstamp:BTC/free,bitstamp:BTC/locked,LOCK (LOCK FOR ORDER),0.03708323 BTC,0.14833293 BTC,0.03708323 BTC,0.03708323 BTC
271,fe05e4a3-d8ce-421d-8f1b-0d56980736c7,104,bitstamp:BTC/locked,bitstamp,WITHDRAWAL (COMMISSION),0.00011125 BTC,0.14833293 BTC,0.03697198 BTC,0.03697198 BTC
272,fe05e4a3-d8ce-421d-8f1b-0d56980736c7,104,bitstamp:BTC/locked,bitstamp,WITHDRAWAL (FILL ORDER),0.03697198 BTC,0.14833293 BTC,0.00000000 BTC,0.00000000 BTC
273,fe05e4a3-d8ce-421d-8f1b-0d56980736c7,104,bitstamp,bitstamp:USD/locked,DEPOSIT (TRADED 0.03697198 BTC bitstamp:USD/BTC @ 55839.42),2064.49 USD,8153.68 USD,2064.49 USD,2064.49 USD
274,fe05e4a3-d8ce-421d-8f1b-0d56980736c7,104,bitstamp:USD/locked,bitstamp:USD/free,UNLOCK USD (COMPLETED),2064.49 USD,10218.17 USD,0.00 USD,0.00 USD
275,fe05e4a3-d8ce-421d-8f1b-0d56980736c7,104,bitstamp:BTC/locked,bitstamp:BTC/free,UNLOCK BTC (COMPLETED),0.00000000 BTC,0.14833293 BTC,0.00000000 BTC,0.00000000 BTC
276,0c8fb9b4-f2e0-4d80-a71d-a1b8fda9f250,105,bitstamp:USD/free,bitstamp:USD/locked,LOCK (LOCK FOR ORDER),2043.63 USD,8174.54 USD,2043.63 USD,2043.63 USD
277,0c8fb9b4-f2e0-4d80-a71d-a1b8fda9f250,105,bitstamp:USD/locked,bitstamp,WITHDRAWAL (COMMISSION),6.13 USD,8174.54 USD,2037.50 USD,2037.50 USD
278,0c8fb9b4-f2e0-4d80-a71d-a1b8fda9f250,105,bitstamp:USD/locked,bitstamp,WITHDRAWAL (FILL ORDER),2037.50 USD,8174.54 USD,0.00 USD,0.00 USD
279,0c8fb9b4-f2e0-4d80-a71d-a1b8fda9f250,105,bitstamp,bitstamp:BTC/locked,DEPOSIT (TRADED 2037.50 USD bitstamp:USD/BTC @ 55790.92),0.03652028 BTC,0.14833293 BTC,0.03652028 BTC,0.03652028 BTC
280,0c8fb9b4-f2e0-4d80-a71d-a1b8fda9f250,105,bitstamp:USD/locked,bitstamp:USD/free,UNLOCK USD (COMPLETED),0.00 USD,8174.54 USD,0.00 USD,0.00 USD
281,0c8fb9b4-f2e0-4d80-a71d-a1b8fda9f250,105,bitstamp:BTC/locked,bitstamp:BTC/free,UNLOCK BTC (COMPLETED),0.03652028 BTC,0.18485321 BTC,0.00000000 BTC,0.00000000 BTC
282,8175033b-3f1c-4855-873a-88b257bf45bc,108,bitstamp:BTC/free,bitstamp:BTC/locked,LOCK (LOCK FOR ORDER),0.03697064 BTC,0.14788257 BTC,0.03697064 BTC,0.03697064 BTC
283,8175033b-3f1c-4855-873a-88b257bf45bc,108,bitstamp:BTC/locked,bitstamp,WITHDRAWAL (COMMISSION),0.00011091 BTC,0.14788257 BTC,0.03685973 BTC,0.03685973 BTC
284,8175033b-3f1c-4855-873a-88b257bf45bc,108,bitstamp:BTC/locked,bitstamp,WITHDRAWAL (FILL ORDER),0.03685973 BTC,0.14788257 BTC,0.00000000 BTC,0.00000000 BTC
285,8175033b-3f1c-4855-873a-88b257bf45bc,108,bitstamp,bitstamp:USD/locked,DEPOSIT (TRADED 0.03685973 BTC bitstamp:USD/BTC @ 58782.58),2166.71 USD,8174.54 USD,2166.71 USD,2166.71 USD
286,8175033b-3f1c-4855-873a-88b257bf45bc,108,bitstamp:USD/locked,bitstamp:USD/free,UNLOCK USD (COMPLETED),2166.71 USD,10341.25 USD,0.00 USD,0.00 USD
287,8175033b-3f1c-4855-873a-88b257bf45bc,108,bitstamp:BTC/locked,bitstamp:BTC/free,UNLOCK BTC (COMPLETED),0.00000000 BTC,0.14788257 BTC,0.00000000 BTC,0.00000000 BTC
288,966c0e57-e7b0-4143-a91f-7bd9eff08b16,110,bitstamp:USD/free,bitstamp:USD/locked,LOCK (LOCK FOR ORDER),2068.25 USD,8273.00 USD,2068.25 USD,2068.25 USD
289,966c0e57-e7b0-4143-a91f-7bd9eff08b16,110,bitstamp:USD/locked,bitstamp,WITHDRAWAL (COMMISSION),6.20 USD,8273.00 USD,2062.05 USD,2062.05 USD
290,966c0e57-e7b0-4143-a91f-7bd9eff08b16,110,bitstamp:USD/locked,bitstamp,WITHDRAWAL (FILL ORDER),2062.05 USD,8273.00 USD,0.00 USD,0.00 USD
291,966c0e57-e7b0-4143-a91f-7bd9eff08b16,110,bitstamp,bitstamp:BTC/locked,DEPOSIT (TRADED 2062.05 USD bitstamp:USD/BTC @ 59003.60),0.03494787 BTC,0.14788257 BTC,0.03494787 BTC,0.03494787 BTC
292,966c0e57-e7b0-4143-a91f-7bd9eff08b16,110,bitstamp:USD/locked,bitstamp:USD/free,UNLOCK USD (COMPLETED),0.00 USD,8273.00 USD,0.00 USD,0.00 USD
293,966c0e57-e7b0-4143-a91f-7bd9eff08b16,110,bitstamp:BTC/locked,bitstamp:BTC/free,UNLOCK BTC (COMPLETED),0.03494787 BTC,0.18283044 BTC,0.00000000 BTC,0.00000000 BTC
294,02570527-a99b-4fe7-8e4c-85c53175d1ad,117,bitstamp:BTC/free,bitstamp:BTC/locked,LOCK (LOCK FOR ORDER),0.03656609 BTC,0.14626435 BTC,0.03656609 BTC,0.03656609 BTC
295,02570527-a99b-4fe7-8e4c-85c53175d1ad,117,bitstamp:BTC/locked,bitstamp,WITHDRAWAL (COMMISSION),0.00010970 BTC,0.14626435 BTC,0.03645639 BTC,0.03645639 BTC
296,02570527-a99b-4fe7-8e4c-85c53175d1ad,117,bitstamp:BTC/locked,bitstamp,WITHDRAWAL (FILL ORDER),0.03645639 BTC,0.14626435 BTC,0.00000000 BTC,0.00000000 BTC
297,02570527-a99b-4fe7-8e4c-85c53175d1ad,117,bitstamp,bitstamp:USD/locked,DEPOSIT (TRADED 0.03645639 BTC bitstamp:USD/BTC @ 58109.56),2118.46 USD,8273.00 USD,2118.46 USD,2118.46 USD
298,02570527-a99b-4fe7-8e4c-85c53175d1ad,117,bitstamp:USD/locked,bitstamp:USD/free,UNLOCK USD (COMPLETED),2118.46 USD,10391.46 USD,0.00 USD,0.00 USD
299,02570527-a99b-4fe7-8e4c-85c53175d1ad,117,bitstamp:BTC/locked,bitstamp:BTC/free,UNLOCK BTC (COMPLETED),0.00000000 BTC,0.14626435 BTC,0.00000000 BTC,0.00000000 BTC
300,a980ed1f-c3a1-40f4-9aae-5923b44c66dd,121,bitstamp:USD/free,bitstamp:USD/locked,LOCK (LOCK FOR ORDER),2078.29 USD,8313.17 USD,2078.29 USD,2078.29 USD
301,a980ed1f-c3a1-40f4-9aae-5923b44c66dd,121,bitstamp:USD/locked,bitstamp,WITHDRAWAL (COMMISSION),6.23 USD,8313.17 USD,2072.06 USD,2072.06 USD
302,a980ed1f-c3a1-40f4-9aae-5923b44c66dd,121,bitstamp:USD/locked,bitstamp,WITHDRAWAL (FILL ORDER),2072.06 USD,8313.17 USD,0.00 USD,0.00 USD
303,a980ed1f-c3a1-40f4-9aae-5923b44c66dd,121,bitstamp,bitstamp:BTC/locked,DEPOSIT (TRADED 2072.06 USD bitstamp:USD/BTC @ 63564.48),0.03259777 BTC,0.14626435 BTC,0.03259777 BTC,0.03259777 BTC
304,a980ed1f-c3a1-40f4-9aae-5923b44c66dd,121,bitstamp:USD/locked,bitstamp:USD/free,UNLOCK USD (COMPLETED),0.00 USD,8313.17 USD,0.00 USD,0.00 USD
305,a980ed1f-c3a1-40f4-9aae-5923b44c66dd,121,bitstamp:BTC/locked,bitstamp:BTC/free,UNLOCK BTC (COMPLETED),0.03259777 BTC,0.17886212 BTC,0.00000000 BTC,0.00000000 BTC
306,87840a31-1311-4c54-ae98-40f93ce21226,123,bitstamp:BTC/free,bitstamp:BTC/locked,LOCK (LOCK FOR ORDER),0.03577242 BTC,0.14308970 BTC,0.03577242 BTC,0.03577242 BTC
307,87840a31-1311-4c54-ae98-40f93ce21226,123,bitstamp:BTC/locked,bitstamp,WITHDRAWAL (COMMISSION),0.00010732 BTC,0.14308970 BTC,0.03566510 BTC,0.03566510 BTC
308,87840a31-1311-4c54-ae98-40f93ce21226,123,bitstamp:BTC/locked,bitstamp,WITHDRAWAL (FILL ORDER),0.03566510 BTC,0.14308970 BTC,0.00000000 BTC,0.00000000 BTC
309,87840a31-1311-4c54-ae98-40f93ce21226,123,bitstamp,bitstamp:USD/locked,DEPOSIT (TRADED 0.03566510 BTC bitstamp:USD/BTC @ 63239.19),2255.43 USD,8313.17 USD,2255.43 USD,2255.43 USD
310,87840a31-1311-4c54-ae98-40f93ce21226,123,bitstamp:USD/locked,bitstamp:USD/free,UNLOCK USD (COMPLETED),2255.43 USD,10568.60 USD,0.00 USD,0.00 USD
311,87840a31-1311-4c54-ae98-40f93ce21226,123,bitstamp:BTC/locked,bitstamp:BTC/free,UNLOCK BTC (COMPLETED),0.00000000 BTC,0.14308970 BTC,0.00000000 BTC,0.00000000 BTC
312,a81af332-eea9-41b0-94dc-cdfa6658ba4d,125,bitstamp:USD/free,bitstamp:USD/locked,LOCK (LOCK FOR ORDER),2113.72 USD,8454.88 USD,2113.72 USD,2113.72 USD
313,a81af332-eea9-41b0-94dc-cdfa6658ba4d,125,bitstamp:USD/locked,bitstamp,WITHDRAWAL (COMMISSION),6.34 USD,8454.88 USD,2107.38 USD,2107.38 USD
314,a81af332-eea9-41b0-94dc-cdfa6658ba4d,125,bitstamp:USD/locked,bitstamp,WITHDRAWAL (FILL ORDER),2107.38 USD,8454.88 USD,0.00 USD,0.00 USD
315,a81af332-eea9-41b0-94dc-cdfa6658ba4d,125,bitstamp,bitstamp:BTC/locked,DEPOSIT (TRADED 2107.38 USD bitstamp:USD/BTC @ 60032.29),0.03510411 BTC,0.14308970 BTC,0.03510411 BTC,0.03510411 BTC
316,a81af332-eea9-41b0-94dc-cdfa6658ba4d,125,bitstamp:USD/locked,bitstamp:USD/free,UNLOCK USD (COMPLETED),0.00 USD,8454.88 USD,0.00 USD,0.00 USD
317,a81af332-eea9-41b0-94dc-cdfa6658ba4d,125,bitstamp:BTC/locked,bitstamp:BTC/free,UNLOCK BTC (COMPLETED),0.03510411 BTC,0.17819381 BTC,0.00000000 BTC,0.00000000 BTC
318,b35885b1-d605-4012-8ccf-4b7a3a3670f8,126,bitstamp:BTC/free,bitstamp:BTC/locked,LOCK (LOCK FOR ORDER),0.03563876 BTC,0.14255505 BTC,0.03563876 BTC,0.03563876 BTC
319,b35885b1-d605-4012-8ccf-4b7a3a3670f8,126,bitstamp:BTC/locked,bitstamp,WITHDRAWAL (COMMISSION),0.00010692 BTC,0.14255505 BTC,0.03553184 BTC,0.03553184 BTC
320,b35885b1-d605-4012-8ccf-4b7a3a3670f8,126,bitstamp:BTC/locked,bitstamp,WITHDRAWAL (FILL ORDER),0.03553184 BTC,0.14255505 BTC,0.00000000 BTC,0.00000000 BTC
321,b35885b1-d605-4012-8ccf-4b7a3a3670f8,126,bitstamp,bitstamp:USD/locked,DEPOSIT (TRADED 0.03553184 BTC bitstamp:USD/BTC @ 56280.60),1999.75 USD,8454.88 USD,1999.75 USD,1999.75 USD
322,b35885b1-d605-4012-8ccf-4b7a3a3670f8,126,bitstamp:USD/locked,bitstamp:USD/free,UNLOCK USD (COMPLETED),1999.75 USD,10454.63 USD,0.00 USD,0.00 USD
323,b35885b1-d605-4012-8ccf-4b7a3a3670f8,126,bitstamp:BTC/locked,bitstamp:BTC/free,UNLOCK BTC (COMPLETED),0.00000000 BTC,0.14255505 BTC,0.00000000 BTC,0.00000000 BTC
324,eb1b70d0-ef7d-40c1-9b2d-5b4795408104,128,bitstamp:USD/free,bitstamp:USD/locked,LOCK (LOCK FOR ORDER),2090.93 USD,8363.70 USD,2090.93 USD,2090.93 USD
325,eb1b70d0-ef7d-40c1-9b2d-5b4795408104,128,bitstamp:USD/locked,bitstamp,WITHDRAWAL (COMMISSION),6.27 USD,8363.70 USD,2084.66 USD,2084.66 USD
326,eb1b70d0-ef7d-40c1-9b2d-5b4795408104,128,bitstamp:USD/locked,bitstamp,WITHDRAWAL (FILL ORDER),2084.66 USD,8363.70 USD,0.00 USD,0.00 USD
327,eb1b70d0-ef7d-40c1-9b2d-5b4795408104,128,bitstamp,bitstamp:BTC/locked,DEPOSIT (TRADED 2084.66 USD bitstamp:USD/BTC @ 56503.19),0.03689455 BTC,0.14255505 BTC,0.03689455 BTC,0.03689455 BTC
328,eb1b70d0-ef7d-40c1-9b2d-5b4795408104,128,bitstamp:USD/locked,bitstamp:USD/free,UNLOCK USD (COMPLETED),0.00 USD,8363.70 USD,0.00 USD,0.00 USD
329,eb1b70d0-ef7d-40c1-9b2d-5b4795408104,128,bitstamp:BTC/locked,bitstamp:BTC/free,UNLOCK BTC (COMPLETED),0.03689455 BTC,0.17944960 BTC,0.00000000 BTC,0.00000000 BTC
330,81b3b63d-01fe-45d0-81db-475320b6874a,130,bitstamp:BTC/free,bitstamp:BTC/locked,LOCK (LOCK FOR ORDER),0.03588992 BTC,0.14355968 BTC,0.03588992 BTC,0.03588992 BTC
331,81b3b63d-01fe-45d0-81db-475320b6874a,130,bitstamp:BTC/locked,bitstamp,WITHDRAWAL (COMMISSION),0.00010767 BTC,0.14355968 BTC,0.03578225 BTC,0.03578225 BTC
332,81b3b63d-01fe-45d0-81db-475320b6874a,130,bitstamp:BTC/locked,bitstamp,WITHDRAWAL (FILL ORDER),0.03578225 BTC,0.14355968 BTC,0.00000000 BTC,0.00000000 BTC
333,81b3b63d-01fe-45d0-81db-475320b6874a,130,bitstamp,bitstamp:USD/locked,DEPOSIT (TRADED 0.03578225 BTC bitstamp:USD/BTC @ 51683.95),1849.37 USD,8363.70 USD,1849.37 USD,1849.37 USD
334,81b3b63d-01fe-45d0-81db-475320b6874a,130,bitstamp:USD/locked,bitstamp:USD/free,UNLOCK USD (COMPLETED),1849.37 USD,10213.07 USD,0.00 USD,0.00 USD
335,81b3b63d-01fe-45d0-81db-475320b6874a,130,bitstamp:BTC/locked,bitstamp:BTC/free,UNLOCK BTC (COMPLETED),0.00000000 BTC,0.14355968 BTC,0.00000000 BTC,0.00000000 BTC
336,097a8a9f-9d66-41a9-a4b8-da0e61af01db,131,bitstamp:USD/free,bitstamp:USD/locked,LOCK (LOCK FOR ORDER),2042.61 USD,8170.46 USD,2042.61 USD,2042.61 USD
337,097a8a9f-9d66-41a9-a4b8-da0e61af01db,131,bitstamp:USD/locked,bitstamp,WITHDRAWAL (COMMISSION),6.13 USD,8170.46 USD,2036.48 USD,2036.48 USD
338,097a8a9f-9d66-41a9-a4b8-da0e61af01db,131,bitstamp:USD/locked,bitstamp,WITHDRAWAL (FILL ORDER),2036.48 USD,8170.46 USD,0.00 USD,0.00 USD
339,097a8a9f-9d66-41a9-a4b8-da0e61af01db,131,bitstamp,bitstamp:BTC/locked,DEPOSIT (TRADED 2036.48 USD bitstamp:USD/BTC @ 51176.65),0.03979315 BTC,0.14355968 BTC,0.03979315 BTC,0.03979315 BTC
340,097a8a9f-9d66-41a9-a4b8-da0e61af01db,131,bitstamp:USD/locked,bitstamp:USD/free,UNLOCK USD (COMPLETED),0.00 USD,8170.46 USD,0.00 USD,0.00 USD
341,097a8a9f-9d66-41a9-a4b8-da0e61af01db,131,bitstamp:BTC/locked,bitstamp:BTC/free,UNLOCK BTC (COMPLETED),0.03979315 BTC,0.18335283 BTC,0.00000000 BTC,0.00000000 BTC
342,b8d99f32-89f8-48af-94e8-1cd4b3ef694f,133,bitstamp:BTC/free,bitstamp:BTC/locked,LOCK (LOCK FOR ORDER),0.03667057 BTC,0.14668226 BTC,0.03667057 BTC,0.03667057 BTC
343,b8d99f32-89f8-48af-94e8-1cd4b3ef694f,133,bitstamp:BTC/locked,bitstamp,WITHDRAWAL (COMMISSION),0.00011001 BTC,0.14668226 BTC,0.03656056 BTC,0.03656056 BTC
344,b8d99f32-89f8-48af-94e8-1cd4b3ef694f,133,bitstamp:BTC/locked,bitstamp,WITHDRAWAL (FILL ORDER),0.03656056 BTC,0.14668226 BTC,0.00000000 BTC,0.00000000 BTC
345,b8d99f32-89f8-48af-94e8-1cd4b3ef694f,133,bitstamp,bitstamp:USD/locked,DEPOSIT (TRADED 0.03656056 BTC bitstamp:USD/BTC @ 49128.43),1796.16 USD,8170.46 USD,1796.16 USD,1796.16 USD
346,b8d99f32-89f8-48af-94e8-1cd4b3ef694f,133,bitstamp:USD/locked,bitstamp:USD/free,UNLOCK USD (COMPLETED),1796.16 USD,9966.62 USD,0.00 USD,0.00 USD
347,b8d99f32-89f8-48af-94e8-1cd4b3ef694f,133,bitstamp:BTC/locked,bitstamp:BTC/free,UNLOCK BTC (COMPLETED),0.00000000 BTC,0.14668226 BTC,0.00000000 BTC,0.00000000 BTC
348,6ac7f545-808d-4fc2-b325-8617935e8149,137,bitstamp:USD/free,bitstamp:USD/locked,LOCK (LOCK FOR ORDER),1993.32 USD,7973.30 USD,1993.32 USD,1993.32 USD
349,6ac7f545-808d-4fc2-b325-8617935e8149,137,bitstamp:USD/locked,bitstamp,WITHDRAWAL (COMMISSION),5.98 USD,7973.30 USD,1987.34 USD,1987.34 USD
350,6ac7f545-808d-4fc2-b325-8617935e8149,137,bitstamp:USD/locked,bitstamp,WITHDRAWAL (FILL ORDER),1987.34 USD,7973.30 USD,0.00 USD,0.00 USD
351,6ac7f545-808d-4fc2-b325-8617935e8149,137,bitstamp,bitstamp:BTC/locked,DEPOSIT (TRADED 1987.34 USD bitstamp:USD/BTC @ 53593.97),0.03708141 BTC,0.14668226 BTC,0.03708141 BTC,0.03708141 BTC
352,6ac7f545-808d-4fc2-b325-8617935e8149,137,bitstamp:USD/locked,bitstamp:USD/free,UNLOCK USD (COMPLETED),0.00 USD,7973.30 USD,0.00 USD,0.00 USD
353,6ac7f545-808d-4fc2-b325-8617935e8149,137,bitstamp:BTC/locked,bitstamp:BTC/free,UNLOCK BTC (COMPLETED),0.03708141 BTC,0.18376367 BTC,0.00000000 BTC,0.00000000 BTC
354,d8cfe2e6-184d-4f4a-a660-e3b48262dfe7,141,bitstamp:BTC/free,bitstamp:BTC/locked,LOCK (LOCK FOR ORDER),0.03675273 BTC,0.14701094 BTC,0.03675273 BTC,0.03675273 BTC
355,d8cfe2e6-184d-4f4a-a660-e3b48262dfe7,141,bitstamp:BTC/locked,bitstamp,WITHDRAWAL (COMMISSION),0.00011026 BTC,0.14701094 BTC,0.03664247 BTC,0.03664247 BTC
356,d8cfe2e6-184d-4f4a-a660-e3b48262dfe7,141,bitstamp:BTC/locked,bitstamp,WITHDRAWAL (FILL ORDER),0.03664247 BTC,0.14701094 BTC,0.00000000 BTC,0.00000000 BTC
357,d8cfe2e6-184d-4f4a-a660-e3b48262dfe7,141,bitstamp,bitstamp:USD/locked,DEPOSIT (TRADED 0.03664247 BTC bitstamp:USD/BTC @ 57222.37),2096.77 USD,7973.30 USD,2096.77 USD,2096.77 USD
358,d8cfe2e6-184d-4f4a-a660-e3b48262dfe7,141,bitstamp:USD/locked,bitstamp:USD/free,UNLOCK USD (COMPLETED),2096.77 USD,10070.07 USD,0.00 USD,0.00 USD
359,d8cfe2e6-184d-4f4a-a660-e3b48262dfe7,141,bitstamp:BTC/locked,bitstamp:BTC/free,UNLOCK BTC (COMPLETED),0.00000000 BTC,0.14701094 BTC,0.00000000 BTC,0.00000000 BTC
360,d691682c-9d3d-4e53-9afb-5d8936201fac,142,bitstamp:USD/free,bitstamp:USD/locked,LOCK (LOCK FOR ORDER),2014.01 USD,8056.06 USD,2014.01 USD,2014.01 USD
361,d691682c-9d3d-4e53-9afb-5d8936201fac,142,bitstamp:USD/locked,bitstamp,WITHDRAWAL (COMMISSION),6.04 USD,8056.06 USD,2007.97 USD,2007.97 USD
362,d691682c-9d3d-4e53-9afb-5d8936201fac,142,bitstamp:USD/locked,bitstamp,WITHDRAWAL (FILL ORDER),2007.97 USD,8056.06 USD,0.00 USD,0.00 USD
363,d691682c-9d3d-4e53-9afb-5d8936201fac,142,bitstamp,bitstamp:BTC/locked,DEPOSIT (TRADED 2007.97 USD bitstamp:USD/BTC @ 53236.84),0.03771768 BTC,0.14701094 BTC,0.03771768 BTC,0.03771768 BTC
364,d691682c-9d3d-4e53-9afb-5d8936201fac,142,bitstamp:USD/locked,bitstamp:USD/free,UNLOCK USD (COMPLETED),0.00 USD,8056.06 USD,0.00 USD,0.00 USD
365,d691682c-9d3d-4e53-9afb-5d8936201fac,142,bitstamp:BTC/locked,bitstamp:BTC/free,UNLOCK BTC (COMPLETED),0.03771768 BTC,0.18472862 BTC,0.00000000 BTC,0.00000000 BTC
366,1c94a0c9-182d-4a95-b59f-1b2783bb0931,145,bitstamp:BTC/free,bitstamp:BTC/locked,LOCK (LOCK FOR ORDER),0.03694572 BTC,0.14778290 BTC,0.03694572 BTC,0.03694572 BTC
367,1c94a0c9-182d-4a95-b59f-1b2783bb0931,145,bitstamp:BTC/locked,bitstamp,WITHDRAWAL (COMMISSION),0.00011084 BTC,0.14778290 BTC,0.03683488 BTC,0.03683488 BTC
368,1c94a0c9-182d-4a95-b59f-1b2783bb0931,145,bitstamp:BTC/locked,bitstamp,WITHDRAWAL (FILL ORDER),0.03683488 BTC,0.14778290 BTC,0.00000000 BTC,0.00000000 BTC
369,1c94a0c9-182d-4a95-b59f-1b2783bb0931,145,bitstamp,bitstamp:USD/locked,DEPOSIT (TRADED 0.03683488 BTC bitstamp:USD/BTC @ 57381.73),2113.65 USD,8056.06 USD,2113.65 USD,2113.65 USD
370,1c94a0c9-182d-4a95-b59f-1b2783bb0931,145,bitstamp:USD/locked,bitstamp:USD/free,UNLOCK USD (COMPLETED),2113.65 USD,10169.71 USD,0.00 USD,0.00 USD
371,1c94a0c9-182d-4a95-b59f-1b2783bb0931,145,bitstamp:BTC/locked,bitstamp:BTC/free,UNLOCK BTC (COMPLETED),0.00000000 BTC,0.14778290 BTC,0.00000000 BTC,0.00000000 BTC
372,6952f11c-58f6-44bc-9022-cf91a84e75ff,146,bitstamp:USD/free,bitstamp:USD/locked,LOCK (LOCK FOR ORDER),2033.94 USD,8135.77 USD,2033.94 USD,2033.94 USD
373,6952f11c-58f6-44bc-9022-cf91a84e75ff,146,bitstamp:USD/locked,bitstamp,WITHDRAWAL (COMMISSION),6.10 USD,8135.77 USD,2027.84 USD,2027.84 USD
374,6952f11c-58f6-44bc-9022-cf91a84e75ff,146,bitstamp:USD/locked,bitstamp,WITHDRAWAL (FILL ORDER),2027.84 USD,8135.77 USD,0.00 USD,0.00 USD
375,6952f11c-58f6-44bc-9022-cf91a84e75ff,146,bitstamp,bitstamp:BTC/locked,DEPOSIT (TRADED 2027.84 USD bitstamp:USD/BTC @ 58984.75),0.03437906 BTC,0.14778290 BTC,0.03437906 BTC,0.03437906 BTC
376,6952f11c-58f6-44bc-9022-cf91a84e75ff,146,bitstamp:USD/locked,bitstamp:USD/free,UNLOCK USD (COMPLETED),0.00 USD,8135.77 USD,0.00 USD,0.00 USD
377,6952f11c-58f6-44bc-9022-cf91a84e75ff,146,bitstamp:BTC/locked,bitstamp:BTC/free,UNLOCK BTC (COMPLETED),0.03437906 BTC,0.18216196 BTC,0.00000000 BTC,0.00000000 BTC
378,d36d28f0-5946-40dd-8db4-d0702f8ef367,147,bitstamp:BTC/free,bitstamp:BTC/locked,LOCK (LOCK FOR ORDER),0.03643239 BTC,0.14572957 BTC,0.03643239 BTC,0.03643239 BTC
379,d36d28f0-5946-40dd-8db4-d0702f8ef367,147,bitstamp:BTC/locked,bitstamp,WITHDRAWAL (COMMISSION),0.00010930 BTC,0.14572957 BTC,0.03632309 BTC,0.03632309 BTC
380,d36d28f0-5946-40dd-8db4-d0702f8ef367,147,bitstamp:BTC/locked,bitstamp,WITHDRAWAL (FILL ORDER),0.03632309 BTC,0.14572957 BTC,0.00000000 BTC,0.00000000 BTC
381,d36d28f0-5946-40dd-8db4-d0702f8ef367,147,bitstamp,bitstamp:USD/locked,DEPOSIT (TRADED 0.03632309 BTC bitstamp:USD/BTC @ 58305.24),2117.83 USD,8135.77 USD,2117.83 USD,2117.83 USD
382,d36d28f0-5946-40dd-8db4-d0702f8ef367,147,bitstamp:USD/locked,bitstamp:USD/free,UNLOCK USD (COMPLETED),2117.83 USD,10253.60 USD,0.00 USD,0.00 USD
383,d36d28f0-5946-40dd-8db4-d0702f8ef367,147,bitstamp:BTC/locked,bitstamp:BTC/free,UNLOCK BTC (COMPLETED),0.00000000 BTC,0.14572957 BTC,0.00000000 BTC,0.00000000 BTC
384,ef319ab5-4125-4885-94af-8ae9f2ca6e77,148,bitstamp:USD/free,bitstamp:USD/locked,LOCK (LOCK FOR ORDER),2050.72 USD,8202.88 USD,2050.72 USD,2050.72 USD
385,ef319ab5-4125-4885-94af-8ae9f2ca6e77,148,bitstamp:USD/locked,bitstamp,WITHDRAWAL (COMMISSION),6.15 USD,8202.88 USD,2044.57 USD,2044.57 USD
386,ef319ab5-4125-4885-94af-8ae9f2ca6e77,148,bitstamp:USD/locked,bitstamp,WITHDRAWAL (FILL ORDER),2044.57 USD,8202.88 USD,0.00 USD,0.00 USD
387,ef319ab5-4125-4885-94af-8ae9f2ca6e77,148,bitstamp,bitstamp:BTC/locked,DEPOSIT (TRADED 2044.57 USD bitstamp:USD/BTC @ 55880.72),0.03658811 BTC,0.14572957 BTC,0.03658811 BTC,0.03658811 BTC
388,ef319ab5-4125-4885-94af-8ae9f2ca6e77,148,bitstamp:USD/locked,bitstamp:USD/free,UNLOCK USD (COMPLETED),0.00 USD,8202.88 USD,0.00 USD,0.00 USD
389,ef319ab5-4125-4885-94af-8ae9f2ca6e77,148,bitstamp:BTC/locked,bitstamp:BTC/free,UNLOCK BTC (COMPLETED),0.03658811 BTC,0.18231768 BTC,0.00000000 BTC,0.00000000 BTC
390,4dfa9e0a-d0d9-42cc-a5c3-d3634c70e0d0,150,bitstamp:BTC/free,bitstamp:BTC/locked,LOCK (LOCK FOR ORDER),0.03646354 BTC,0.14585414 BTC,0.03646354 BTC,0.03646354 BTC
391,4dfa9e0a-d0d9-42cc-a5c3-d3634c70e0d0,150,bitstamp:BTC/locked,bitstamp,WITHDRAWAL (COMMISSION),0.00010939 BTC,0.14585414 BTC,0.03635415 BTC,0.03635415 BTC
392,4dfa9e0a-d0d9-42cc-a5c3-d3634c70e0d0,150,bitstamp:BTC/locked,bitstamp,WITHDRAWAL (FILL ORDER),0.03635415 BTC,0.14585414 BTC,0.00000000 BTC,0.00000000 BTC
393,4dfa9e0a-d0d9-42cc-a5c3-d3634c70e0d0,150,bitstamp,bitstamp:USD/locked,DEPOSIT (TRADED 0.03635415 BTC bitstamp:USD/BTC @ 56989.68),2071.81 USD,8202.88 USD,2071.81 USD,2071.81 USD
394,4dfa9e0a-d0d9-42cc-a5c3-d3634c70e0d0,150,bitstamp:USD/locked,bitstamp:USD/free,UNLOCK USD (COMPLETED),2071.81 USD,10274.69 USD,0.00 USD,0.00 USD
395,4dfa9e0a-d0d9-42cc-a5c3-d3634c70e0d0,150,bitstamp:BTC/locked,bitstamp:BTC/free,UNLOCK BTC (COMPLETED),0.00000000 BTC,0.14585414 BTC,0.00000000 BTC,0.00000000 BTC
